Ano-Calendário,Natureza de Ocupação,Quantidade de Declarantes,Rendimentos Tributáveis,Rendimentos sujeitos a Tributação Exclusiva,Rendimentos Isentos,Dedução Previdenciária Total,Deduções Previdência Oficial,Deduções Previdenciárias RRA,Deduções Previdência Privada e FAPI,Deduções com Dependentes,Deduções com Instrução,Deduções com despesas Médicas,Dedução de Livro Caixa,Deduções  com Pensão Alimentícia Total,Deduções com Pensão Alimentícia Judicial,Deduções com Pensão Alimentícia Escritural,Deduções com Pensão Alimentícia RRA,Desconto Padrão,Base de Cálculo (RTL),Imposto Devido,Dedução de Incentivo,Imposto Devido 1,Imposto Devido RRA,Imposto Devido Total,Imposto Pago,Imposto a Pagar,Imposto a Restituir,Dívidas   e Ônus,Doações e Heranças Recebidas,Bens e Direitos,Previdência Complementar (VGBL),Valores Pagos com Previdência Complementar (PGBL),Valores Pagos com Previdência Complementar de Natureza Pública,Valores Pagos com FAPI,Despesas com Instrução,Despesas Médicas,Pensão Alimentícia Judicial,Despesas com Pensão Alimentícia Escritural,Despesas com Profissionais Liberais,Despesas com Arrendamento Rural,Outras Despesas,Doações Efetuadas
2020,Empregado de empresa setor privado, exceto instit. financ.,9807756,583600,5445,83205,65073,112714,3995,24376,32744,19199,42089,9,69441501,5167,212131,11528,30908,7431,895583,17995,22689,514,3382973,4058,409612,3565,346914,489,9525539,3,11014446,51078,2522,466617,8972,53741,4441,52,75940236,53688
2020,Empregado de instituições financeiras públicas e privadas,815541,81375,86212,22299,5077,16779,62012,5982,689642,3028,962619,2,40186128,2951,325162,1165,174819,1021,303974,3206,628302,65,71140795,466,6853694,409,7255692,56,52131954,0,43848068,4004,888858,65462,79629,10789,61663,29,92302844,10759,6936
2020,Empregado ou contratado de organismo internacional ou de ONG,40881,2579,238561,285,7639807,988,4856093,102,1113311,82,1603281,0,6939727,20,2590101,37,30841602,24,51182102,99,11658225,8,20281884,10,17270995,8,79341796,1,37104753,0,824446,218,101576,2079,716867,271,1086807,0,37516796,270,7335128
2020,Profissional liberal ou autônomo sem vínculo de emprego,2065253,98129,15026,14716,7936,94502,856,3281,40829,2486,922872,1,70855713,792,7768616,922,5233481,673,4909492,4379,878106,9441,67738,562,3786994,492,6110903,69,45359393,0,31401513,7020,271624,71848,13908,9358,461251,31,99197798,9326,469273
2020,Proprietário de empr. ou firma indiv. ou empregador-titular,4188146,155000,3768,82426,23739,523281,7173,3481,898306,2895,410917,1,58183968,584,9055496,1463,250806,1044,838049,6844,849676,2977,718565,981,9194003,826,578518,155,5753143,0,28623417,15508,20169,122697,7038,13648,4549,63,42125587,13584,62423
2020,Capitalista que auferiu rendim. de capital, inclus. aluguéis,156617,10229,30936,6781,3807,16542,7474,52,30488877,32,5939845,0,2056154,20,22492878,28,25517201,19,39371275,755,5583931,18,7108688,31,46504035,26,86340331,4,53763704,0,64,858,41019,8465,580269,1331,725059,1,8759717,1329
2020,Membro ou servidor público da administração direta federal,385042,67929,56198,6714,205731,11468,12585,6874,354179,6213,914504,1,72355767,658,7161171,651,9463887,546,2396999,4103,452426,176,992025,760,8908117,696,9665213,63,65256888,0,27172153,1117,353817,53699,23216,11007,55043,13,18640241,10994,36403
2020,Servidor público de autarquia ou fundação federal,466295,57096,94505,5415,36317,8966,785232,4907,405803,4440,83487,1,56601677,465,7562986,657,4794335,493,8513226,3620,609396,231,7348843,519,9915021,459,7844868,60,2215166,0,18486362,1994,605995,44671,26587,7854,204591,7,44355076,7846,76104
2020,Empregado empr. púb. ou econ. mista fed., exc. inst. financ.,318449,41549,47222,4476,23012,6626,448949,3514,220296,1632,850905,0,81654184,1880,55285,602,4240414,445,7183579,2013,847927,49,9949953,415,3599003,363,4026393,51,70469235,0,25256862,1092,861248,33415,4766,6304,230856,12,88473166,6291
2020,Membro ou servidor público da admin. direta estadual e do DF,1268388,135137,2032,12371,50873,22541,59962,10804,38425,10217,28535,6,10907802,580,9898175,1722,908439,1439,684927,7590,477463,798,983659,1312,926547,1195,413795,115,6013973,1,91135405,6318,7519,105149,1003,17157,1862,17,38663433,17139,79957
2020,Servidor público de autarquia ou fundação estadual e do DF,734930,65238,47666,5759,807136,9980,756954,4431,32379,4164,394229,3,5850367,263,3445248,932,5293833,726,6852143,3635,872064,443,262306,502,4646535,446,5160226,55,2411447,0,9245164,3924,101228,50642,48112,7259,584238,7,48498821,7252,9925
2020,Empregado empr. púb. ou ec. mista est. e DF, exc. inst. fin.,202164,20869,1718,2797,58046,3502,734355,1544,79841,959,2544533,0,63767557,584,906281,332,3085555,242,3735554,1127,949843,38,98560914,205,8858626,181,4171778,24,26367112,0,2050137,900,2528023,16476,45974,2683,230755,5,69116811,2677
2020,Membro ou servidor público da administração direta municipal,1745753,120101,2876,9263,232226,12067,75585,5960,477784,5715,249702,3,42005441,241,808027,1943,70165,1332,462962,5245,53158,309,3588117,639,293563,576,569172,61,26709946,1,19308478,10690,78406,93980,58676,10702,82448,8,63180425,10694,19268
2020,Servidor público de autarquia ou fundação municipal,705687,47234,89523,3762,171084,4760,387298,2343,319686,2240,795961,2,12736042,100,396365,791,9261509,529,1347286,2056,415616,168,9116239,222,6357944,197,504285,24,51728951,0,61421996,4255,814312,36866,73711,4053,270182,3,2989129,4049,971269
2020,Empregado de empr. púb. ou soc. de economia mista municipal,134464,10005,23803,934,827865,1449,37322,517,1160018,426,9091869,0,28861847,89,91819645,155,4670302,105,8652117,447,1299304,34,75380699,66,90368099,59,21147197,7,61355871,0,7865031,768,499462,7909,952422,1031,222389,1,18214607,1030,40243
2020,Militar,702943,65253,91529,5161,355195,7960,500347,5138,25308,5023,924852,3,1338039,110,9666524,1539,429057,1545,58776,3131,646838,56,21400603,1665,440749,1553,91832,110,2768706,2,7204655,2957,344027,49220,80665,6890,505088,2,77092518,6887,734163
2020,Aposentado, militar res. ou refor., pens. prev., exc. cd. 62,4735695,310962,1592,46992,82003,137943,4687,12516,12189,10890,57604,8,70941222,1616,836434,1743,14642,848,2687502,21548,83695,212,9565153,2780,700535,2439,510584,339,8418919,1,34805979,25838,64815,245473,6184,32972,30612,39
2020,Aposentado, militar refor. ou pens. prev. com moléstia grave,402082,15267,71758,3626,61227,35846,20233,790,1406743,712,7260535,1,46823193,75,94638882,107,28901,43,26010737,1260,440407,24,62991495,160,2965544,138,2720041,21,84518342,0,17936689,1390,327513,11491,33204,1293,521708,1,11179134,1292
2020,Beneficiário de pensão alimentícia,162934,7420,859201,590,169281,2080,27723,125,3438361,119,307723,0,43228,5,99288505,21,7210999,39,32300519,330,7922317,1,15206731,7,82289489,6,71278006,0,65139071,0,45872412,959,5873455,5935,116721,524,5295283,0,1099779,524,4195504
2020,Bolsista,60669,673,8852026,97,60192504,2480,456668,27,7069063,25,64315395,0,2363013,1,40390655,4,1686933,4,58306416,24,56905776,1,19443584,0,84281542,0,78385842,0,58957,0,71,90456254,539,7037069,39,52131608,0,2266211,39,49865397,0
2020,Espólio,234817,5489,457598,3101,735538,8101,558283,139,8367908,128,2811513,0,35811519,11,19752431,20,52851873,4,95925495,319,2839694,44,41375396,26,64476375,23,85593918,2,78855271,0,27186,384,4124065,4549,37814,722,3832232,1,52763244,720,8555908
2020,Natureza da ocupação não especificada anteriormente,1528717,61352,61249,9777,958688,46022,10887,1630,736444,1432,747764,2,16702844,195,8216523,644,5962671,326,7194523,2141,753489,2989,905161,243,8893534,216,6834362,26,79063903,0,41527809,6095,104518,47279,91414,5031,185,10,24472495,5020,757125
2020,Microempreendedor Individual - MEI,771601,12935,3688,721,4787701,9456,119857,83,71993103,78,5300027,0,43306563,5,23386513,156,8772629,57,98621631,223,242662,43,11726525,25,28222751,21,6779499,3,51544316,0,8883445,1886,154203,10458,8755,169,198731,0,2872362,168,9911495
2020,Inválido,13,0,0,0,0,0,0,0,0,0,0,0,0,0,0,0,0,0,0,0,0,0,0,0,0,0,0,0,0,0,0,0,0,0,0,0,0,0,0,0,0
2019,Empregado de empresa setor privado, exceto instit. financ.,9332279,567540,5366,80778,56223,100875,5078,25693,1116,20563,9531,11,45926075,5118,557034,14803,19703,8386,775335,18839,60021,583,8988847,4044,5644,3546,912955,493,71928,4,8549628,45834,94595,449355,19,51619,53353,41,46866548,51578
2019,Empregado de instituições financeiras públicas e privadas,800425,77089,18112,21641,28766,17480,88242,5746,705023,2892,816499,2,60281037,2851,285714,1344,154159,1121,531435,3174,763778,78,59948801,467,52872,408,8459119,57,82096597,0,38599415,3648,708134,61507,66624,9886,529331,26,75590594,9859,773425
2019,Empregado ou contratado de organismo internacional ou de ONG,40282,2530,889906,308,5895216,816,6332755,102,157717,82,84336633,0,9009734,19,8230799,45,88329068,27,73033915,100,2216251,8,35935436,10,65751403,9,12649398,1,50744769,0,2357236,211,1101013,2024,91191,256,954958,0,28804159,256,6669164
2019,Profissional liberal ou autônomo sem vínculo de emprego,2063409,102001,4985,14893,8079,90644,14104,3301,65068,2463,564076,3,38177561,834,7048284,1093,220634,772,9396589,4514,876603,10207,12167,588,7521179,517,5312746,70,60740817,0,61343511,7492,498492,74030,43865,9242,146411,27,480316,9214,666095
2019,Proprietário de empr. ou firma indiv. ou empregador-titular,4206122,152772,3557,82400,96399,473411,9992,3398,101757,2809,495473,1,10060302,587,5056808,1626,651025,1142,15481,6859,815019,3085,556555,987,9923235,833,513195,154,6870646,0,25393943,15902,1668,119770,675,12220,65442,42,15820058,12178,49622
2019,Capitalista que auferiu rendim. de capital, inclus. aluguéis,154562,10821,49536,8717,240976,17320,89013,50,59725758,27,20664252,0,18714272,23,20347234,31,94715773,22,7626709,795,10101,21,1343022,33,50218813,27,93117377,5,57101436,0,889,8865915,8977,341496,1437,13015,1,63221839,1435,497931
2019,Membro ou servidor público da administração direta federal,392244,68162,67718,7144,144745,11138,36917,5781,384999,5132,74538,2,68130028,645,9583188,743,70036,605,325747,4115,580969,177,6954577,785,7442761,718,4404568,66,46476161,0,83905769,1179,187418,54774,35113,11241,11566,10,20863374,11230,90703
2019,Servidor público de autarquia ou fundação federal,471413,56711,53176,5807,466723,9173,343514,4263,417037,3790,624841,4,5138802,468,7408081,772,7929109,553,67173,3609,246668,256,7831176,532,7368435,470,6120418,61,5283963,0,59640545,2022,137833,44701,35017,7832,3246,5,79625355,7826,236206
2019,Empregado empr. púb. ou econ. mista fed., exc. inst. financ.,323945,42208,6368,5636,499857,6807,854315,3607,129622,1569,399714,0,86256411,2036,867343,728,7788679,506,5951292,2027,286013,71,22918722,448,3726292,392,5932827,55,49397959,0,28536694,1093,380146,33725,29208,6335,517927,9,14238422,6326
2019,Membro ou servidor público da admin. direta estadual e do DF,1274284,133031,2984,12752,1426,21967,2017,10051,48194,9481,165226,6,93717372,563,3795384,2119,552962,1643,270838,7595,930538,875,6116443,1312,133329,1195,366617,114,2147438,2,55196859,6134,794031,103298,5231,16701,3622,13,46883474,16687,89337
2019,Servidor público de autarquia ou fundação estadual e do DF,730620,63726,62421,5999,846144,9658,515598,4097,250674,3832,20456,4,17926529,260,8668485,1133,36394,825,2914947,3624,130067,478,83045,499,8447638,443,7728381,54,82792832,1,24399741,3761,670573,49307,3172,6992,805338,5,68461321,6987,120725
2019,Empregado empr. púb. ou ec. mista est. e DF, exc. inst. fin.,204480,20819,66399,2764,644317,3549,351554,1512,902012,912,434872,0,67174502,600,1867794,404,2289885,277,595994,1168,548044,44,33056713,211,7235724,186,2693286,25,18445191,0,26979194,868,4499957,16331,88482,2636,783255,4,70087215,2632
2019,Membro ou servidor público da administração direta municipal,1656337,111854,5565,9148,62939,11012,8365,5745,505378,5498,732089,3,7107339,243,625545,2477,670548,1530,944349,5120,531577,346,6023615,610,939484,550,2295287,59,26566691,1,44428837,9269,324337,86753,3842,9660,155257,6,47759654,9653,677661
2019,Servidor público de autarquia ou fundação municipal,659294,43418,40184,3659,451842,4462,535303,2197,328154,2093,212486,2,74303676,101,3726315,954,8263667,591,8620842,1983,428081,181,2609983,211,348793,186,9303939,23,27192847,0,83255689,3689,769853,33608,89142,3617,927554,2,4883283,3615,439225
2019,Empregado de empr. púb. ou soc. de economia mista municipal,129175,9593,806419,961,485783,1423,84357,506,4154281,412,5726081,0,32120126,93,5216187,191,7017331,120,4680643,449,448494,40,22931179,67,83596196,59,96604301,7,71495563,0,15496332,690,1402743,7527,567152,975,8180499,0,83390269,974,9841472
2019,Militar,695322,62057,67059,4887,146243,7063,24152,5134,651447,4989,40804,3,46887254,141,7745348,2029,31977,1748,437027,3249,46569,63,78883101,1627,248191,1517,352583,107,1413036,2,75430458,2508,58326,45696,46416,6068,499912,1,81094884,6066,688964
2019,Aposentado, militar res. ou refor., pens. prev., exc. cd. 62,4463610,290485,5915,48964,93033,130777,1455,9277,358902,7656,950957,11,99619615,1608,411748,2059,682735,984,9826404,20342,76445,254,5824134,2727,252501,2394,78658,331,556926,1,41022807,24554,70835,230284,2595,31090,41753,27
2019,Aposentado, militar refor. ou pens. prev. com moléstia grave,391820,14864,82069,4072,396741,34558,11778,599,1990452,517,5361104,1,61594473,80,4699012,134,2462708,53,66160691,1266,873881,27,6712,171,2413707,148,9182053,21,92595549,0,39721,1353,885648,11258,70616,1280,103241,0,82550816,1279
2019,Beneficiário de pensão alimentícia,154516,7061,25322,618,89107,2017,990749,68,65972061,62,69879047,0,10196984,5,8589603,24,69876467,40,52163178,305,2923955,1,77705125,7,72886549,6,82513396,0,60757388,0,29615765,935,27332,5677,73573,507,294738,0,11900877,507,1757293
2019,Bolsista,46805,524,8616964,90,19887316,2047,413762,21,13375872,19,80423985,0,3229234,1,29722653,3,65655538,3,75852277,19,5803299,1,84428,0,56624644,0,47885519,0,5624117,0,3115008,59,10722337,416,506171,29,24161832,0,1305047,29,22856785
2019,Espólio,210872,4379,358552,2720,106451,5619,633231,78,8852676,69,54056794,0,8803715,9,25666251,15,2720359,3,63023144,230,5379434,26,43153072,17,68913174,16,7825,1,68771096,0,63828,320,3965792,3686,515832,597,8042689,1,52867872,596,2755902
2019,Natureza da ocupação não especificada anteriormente,1428232,58587,27312,9587,441833,66405,4876,1512,16435,1312,8145,1,95869413,198,495955,787,9141904,368,7547672,2123,673131,3056,556085,247,645022,218,9744897,27,62952898,1,4100331,5852,938094,44637,77539,4469,592793,6,98260289,4462,61019
2019,Microempreendedor Individual - MEI,668440,12958,51219,623,1504565,8762,621571,73,10769185,67,67297702,0,61030296,4,82441187,157,9207886,60,69220226,197,6860209,56,85720575,23,2171701,19,53193225,3,34547062,0,14431414,2036,132431,10353,9413,125,1325418,0,1550391,125,1170379
2019,Inválido,16,0,0,0,0,0,0,0,0,0,0,0,0,0,0,0,0,0,0,0,0,0,0,0,0,0,0,0,0,0,0,0,0,0,0,0,0,0,0,0,0
2018,Empregado de empresa setor privado, exceto instit. financ.,9250046,546378,5522,74984,39457,94570,1969,24888,4549,20003,76833,12,90329832,4871,783274,14828,68659,8312,326722,17575,6957,561,4748903,3890,571912,3410,912086,474,5543325,5,10549387,44179,7552,432141,5863,48394,47912,33,79569772,48360
2018,Empregado de instituições financeiras públicas e privadas,800921,73953,45519,19608,96749,16176,39262,5566,716705,2832,864191,2,6392246,2731,788591,1364,463685,1127,572654,2982,234796,69,144823,456,4518121,400,2359519,55,63590032,0,57995986,3500,50861,58886,49245,9231,49169,24,9371233,9206,112046
2018,Empregado ou contratado de organismo internacional ou de ONG,40899,2511,207453,305,4263799,833,5418295,99,53336154,80,76431282,0,12227991,18,64676881,46,57781657,28,9579511,94,69020046,9,863582,11,74171342,10,18436702,1,54859812,0,874828,210,7629727,2010,719235,252,6499022,0,21634559,252,4335566
2018,Profissional liberal ou autônomo sem vínculo de emprego,2175935,102475,5639,13593,59794,82274,38738,3240,220914,2423,49993,1,91065619,815,2602645,1130,179753,786,770849,4206,71086,9780,71597,590,303049,519,2189627,70,75453915,0,3295472,7910,891843,74830,41039,8872,583242,24,91740598,8847,665836
2018,Proprietário de empr. ou firma indiv. ou empregador-titular,4297138,149781,685,70060,88505,435370,1344,3230,749313,2672,612395,1,66605632,556,4708616,1613,205436,1122,872765,6226,873383,2856,786313,955,5760009,805,8538412,148,9442248,0,77793487,15908,68828,117866,9335,11598,1999,34,34944102,11563,67054
2018,Capitalista que auferiu rendim. de capital, inclus. aluguéis,156602,10751,37763,7040,748863,16221,53558,49,85024444,26,88014651,0,1232418,22,95777375,32,62585047,22,58803733,739,1579364,18,70576871,33,61806654,27,80807547,5,80999107,0,906,6683251,8948,163403,1409,694881,2,32981352,1407,365067
2018,Membro ou servidor público da administração direta federal,402073,65855,50345,6659,850767,11227,64866,5565,91213,5040,649832,1,99564319,522,4457376,773,2698488,621,158191,3857,11798,182,8150988,778,4338614,712,9638155,65,250482,0,4449977,1266,910811,52810,70645,10594,52561,8,29109263,10586,23452
2018,Servidor público de autarquia ou fundação federal,482014,56111,43354,5512,563898,8816,75827,4220,18291,3794,833083,3,3027724,422,3195493,801,669006,565,5164954,3426,291009,246,6628009,545,3248137,483,1732859,61,7724401,0,37908773,2073,906055,44231,88045,7611,136102,4,56982831,7606,566273
2018,Empregado empr. púb. ou econ. mista fed., exc. inst. financ.,333432,42047,37666,5005,297622,5835,95692,3557,993716,1552,224842,0,99879633,2004,770078,762,3926288,525,2600838,1841,190578,57,97909862,459,5248307,404,11107,55,21966763,0,29405603,1129,717373,33713,31835,6253,389428,6,70005923,6246
2018,Membro ou servidor público da admin. direta estadual e do DF,1295974,129266,9538,12245,73986,21950,85282,9468,853849,8947,10025,7,8884,514,7549838,2181,521813,1672,288347,7106,172679,869,161572,1291,126885,1177,968176,111,215096,2,13719933,6268,67755,100409,1511,15736,96121,11,51535666,15725,44586
2018,Servidor público de autarquia ou fundação estadual e do DF,731868,62149,2548,5663,725401,9346,154901,3929,152289,3676,194365,4,71765,248,957206,1154,501367,833,9457827,3380,350959,484,5506161,491,5608367,436,984559,53,16217919,1,41409852,3740,107845,48134,85579,6680,773628,4,80342768,6675,9702
2018,Empregado empr. púb. ou ec. mista est. e DF, exc. inst. fin.,208998,20789,22318,2657,309934,3240,572643,1513,794961,906,3366997,0,66448148,606,7937796,423,2512946,289,8718226,1122,401961,46,58874421,218,3443092,191,8372106,26,2543779,0,25272065,874,2019378,16300,76815,2592,810538,4,23457492,2588
2018,Membro ou servidor público da administração direta municipal,1624621,105979,75,8549,152603,10323,63639,5350,330438,5114,5688,3,89396248,232,3795955,2488,457359,1518,674108,4657,431222,340,5836959,580,1983742,522,251366,56,85253945,1,32069809,8846,7932,82196,53915,8839,598852,5,7936775,8834,519484
2018,Servidor público de autarquia ou fundação municipal,633449,40476,25872,3309,930178,4090,8418,2011,936725,1911,75916,2,56759868,97,60996584,932,3741416,573,4852048,1782,2281,174,2912088,202,2371076,179,3956049,22,20798111,0,63352158,3461,639068,31338,6717,3273,283296,2,9977275,3271,183523
2018,Empregado de empr. púb. ou soc. de economia mista municipal,128629,9290,81631,906,988222,1288,785654,489,6790605,395,6785235,0,39699766,93,60353934,192,5489703,121,457605,417,41024,40,28556374,66,74653314,58,96855384,7,63021408,0,14776522,674,4708653,7287,482794,923,6697829,0,71076233,922,9590206
2018,Militar,694677,58965,40931,4957,711969,6704,479185,4795,55801,4652,642623,3,72556227,139,1898238,2045,79843,1727,407542,3039,850638,63,7403371,1591,736371,1484,697715,103,1729532,3,86570236,2433,989934,43267,99436,5475,915535,1,21861271,5474,696923
2018,Aposentado, militar res. ou refor., pens. prev., exc. cd. 62,4331770,272172,4695,45661,82583,124408,1781,8381,399336,6868,566308,7,50766963,1505,325358,2066,810897,995,9435687,18123,74695,240,9691135,2653,230616,2333,28348,318,1605978,1,78653842,23554,82874,216155,5403,28431,78691,21
2018,Aposentado, militar refor. ou pens. prev. com moléstia grave,390512,14355,2872,3844,287308,33824,70825,553,5429907,475,995265,1,45033726,76,99312688,138,6518795,55,864443,1143,95696,26,3102154,171,2022356,148,811464,22,4712262,0,343649,1345,427695,10921,19204,1197,575664,0,72051371,1196
2018,Beneficiário de pensão alimentícia,157287,6931,696336,618,5503476,2013,191282,64,16723473,58,38073762,0,4715639,5,73934072,25,62156338,39,81312081,274,3528144,1,60115444,7,37649522,6,6070368,0,53958827,0,22987015,933,1769661,5585,586987,476,235161,0,7432999,475,9491861
2018,Bolsista,46692,511,340725,92,6060785,2001,582024,19,1469527,17,7886845,0,4068181,1,31758639,3,55053271,3,11915846,17,36444762,0,9207009,0,6361,0,54021967,0,6258582,0,3329451,59,43622836,406,8599517,28,31358864,0,1246869,28,30111995
2018,Espólio,214245,4309,585333,2809,423917,6745,270018,75,1073221,66,76760934,0,7822686,8,16489601,16,36677819,4,6924185,210,673362,38,79467312,20,7765019,18,39397142,1,68238575,0,129302,332,9109444,3612,287977,562,6229804,0,26791638,562,355064
2018,Natureza da ocupação não especificada anteriormente,1456225,56717,94215,8735,72104,40340,52755,1409,386621,1218,937293,3,34949763,187,998297,769,994027,360,4997361,1911,539422,2937,395572,237,33135,210,2613922,26,3040329,0,71151806,5798,67426,43294,34382,4149,465529,6,60108334,4142,864445
2018,Microempreendedor Individual - MEI,598406,11401,20285,493,7349678,7133,21056,60,38155146,55,48614046,0,37543492,4,51997608,133,9507352,49,9607697,149,626025,55,214904,18,33301058,15,55463673,2,70258261,0,7579124,1775,872908,9158,426372,127,3640806,0,2070031,127,3433803
2018,Inválido,4,0,0,0,0,0,0,0,0,0,0,0,0,0,0,0,0,0,0,0,0,0,0,0,0,0,0,0,0,0,0,0,0,0,0,0,0,0,0,0,0
2017,Empregado de empresa setor privado, exceto instit. financ.,8871203,520020,8229,71995,1798,91143,59954,23855,472,19107,97515,15,62879523,4731,868059,14656,9215,8300,310232,16138,70517,555,9005354,3780,27858,3317,970452,457,565137,4,49226952,42176,59802,410557,7135,45546,6502,28,13351974,45517
2017,Empregado de instituições financeiras públicas e privadas,792429,71512,47179,18535,3523,15386,77497,5371,734004,2752,455771,2,15056047,2617,127672,1387,483686,1138,940466,2838,308256,67,92348401,463,8059119,407,8858598,55,47023181,0,44982033,3409,552325,56834,72366,8776,791203,22,3281176,8754,758391
2017,Empregado ou contratado de organismo internacional ou de ONG,40033,2417,350809,292,9399443,817,6613314,99,18174258,80,96764153,0,22449634,17,98960471,46,63383049,28,28548663,87,5738527,8,74695946,11,48026482,9,89524487,1,52291574,0,6210421,206,6243099,1929,34083,237,3662188,0,16204267,237,2041761
2017,Profissional liberal ou autônomo sem vínculo de emprego,2205713,100509,507,13973,47784,74943,39232,3138,553614,2338,42785,2,63903695,797,4867266,1148,757914,779,2839452,3788,860744,9424,3377,593,975205,523,1063043,69,38107218,0,61014409,8048,120265,73588,34288,8407,124451,19,81361233,8387,310838
2017,Proprietário de empr. ou firma indiv. ou empregador-titular,4360659,147222,7136,69046,8687,393509,2882,3111,324099,2538,424079,1,16001404,571,7400058,1599,973615,1078,50258,5486,82906,2753,204971,935,8597847,792,7978137,142,7913313,0,27063973,16053,5275,116204,6905,11111,466,31,49430339,11079,97169
2017,Capitalista que auferiu rendim. de capital, inclus. aluguéis,154830,10690,56766,7410,245699,14736,50147,49,69041003,25,4286543,0,5974299,24,20201274,32,48163229,22,77420337,663,2957317,17,7381423,32,39792762,27,72143671,4,67649091,0,918,7912269,8953,398389,1416,884225,1,3488081,1415,535417
2017,Membro ou servidor público da administração direta federal,406229,63463,25924,7140,437163,10902,25778,5305,833607,4864,700878,2,90423907,438,22849,801,8137244,646,143711,3511,952008,186,8890995,770,9056349,705,1006167,65,5794783,0,74707033,1358,951482,50880,89931,10032,84335,6,72296446,10026,12039
2017,Servidor público de autarquia ou fundação federal,482473,54200,10809,5566,534207,8657,986593,4051,57692,3656,670884,3,39347635,390,993331,830,6810063,581,8906935,3119,567264,242,3432526,546,9224486,485,7626693,60,31282076,0,84695856,2108,486401,42719,15933,7216,655221,3,82606175,7212,829159
2017,Empregado empr. púb. ou econ. mista fed., exc. inst. financ.,333002,40436,44486,4700,412805,7110,702227,3525,526515,1497,555762,1,24468624,2026,726067,781,3088641,551,4434631,1599,559325,55,83867733,478,5446649,422,3712501,55,8648526,0,30856222,1151,718539,32292,50481,5875,155252,5,10757594,5870
2017,Membro ou servidor público da admin. direta estadual e do DF,1295669,123414,7469,11718,94272,20623,89177,8743,56333,8246,666994,6,93018692,489,4591527,2274,325674,1733,294628,6540,990328,858,2711792,1267,67811,1158,409375,106,4396281,2,21880764,6248,43993,95749,69699,14617,72575,9,95484873,14607,7709
2017,Servidor público de autarquia ou fundação estadual e do DF,720046,59039,71862,5583,49623,8711,70406,3654,150237,3406,720058,4,66730953,242,7628694,1186,28709,858,7075299,3090,787717,521,100602,478,1231829,426,1457909,50,64608902,1,33130298,3637,985156,45612,83549,6172,918572,4,7447104,6168,844101
2017,Empregado empr. púb. ou ec. mista est. e DF, exc. inst. fin.,208498,20420,6458,2555,12589,3603,554346,1494,508975,878,707516,0,67937585,615,1220833,442,1139728,309,3320365,1056,125259,44,23752036,224,3697931,196,8598145,27,24236836,0,2676102,868,3171811,15981,64107,2517,35226,3,62260053,2513
2017,Membro ou servidor público da administração direta municipal,1555394,98397,88877,8099,742786,9421,712162,4922,658447,4690,594263,4,59185613,227,4723279,2454,376196,1464,731079,4107,765988,325,8989028,542,5972684,488,3195463,52,9532147,1,32450738,8322,91168,76257,76972,7988,21993,4,14221795,7983,879775
2017,Servidor público de autarquia ou fundação municipal,600703,37392,95002,3195,893983,3738,927405,1844,53534,1745,817783,2,83218989,95,40356081,915,4024645,552,3411679,1574,143815,164,9079198,190,1001488,168,8757701,20,44455255,0,77982607,3226,793495,28925,20747,2949,843197,1,6320038,2948,211194
2017,Empregado de empr. púb. ou soc. de economia mista municipal,123946,8851,100109,885,5560447,1250,483789,470,4218717,374,9745901,0,49185873,94,95542293,192,8249387,124,1575602,382,8338518,36,49096894,66,8144742,58,53750703,8,14061638,0,13635079,643,7777797,6933,778664,870,5520804,0,57844323,869,9736372
2017,Militar,689581,54573,61714,4310,332455,6284,469206,4395,805043,4246,99516,4,31222733,144,4976555,2145,648908,1823,15588,2982,337942,61,4213195,1544,634637,1441,367639,100,7032076,2,56379055,2265,32621,39355,28721,4627,955869,0,91522486,4627,40644
2017,Aposentado, militar res. ou refor., pens. prev., exc. cd. 62,4115245,252426,781,45353,8536,117591,1482,7644,180252,6178,3255,6,12880372,1460,48193,2078,986849,1049,460949,15668,84033,234,842728,2561,793532,2256,196348,303,786104,1,8110797,22352,7321,200835,2414,25988,85199,18
2017,Aposentado, militar refor. ou pens. prev. com moléstia grave,379917,13746,27837,3927,91123,31090,42474,518,1800818,439,7108431,1,39111298,77,7812567,144,2465232,60,5310746,1015,876522,25,6686063,167,2550257,145,6695461,21,29383389,0,29164573,1309,447555,10506,1527,1136,474,0,58735189,1135
2017,Beneficiário de pensão alimentícia,150087,6486,68389,635,1401123,1979,682959,58,61944987,52,24679396,0,14230883,6,23034708,26,61904216,38,4323084,233,18151,1,88749447,6,64194977,5,88684659,0,53071272,0,22439046,886,107527,5235,747045,441,2037593,0,5255646,441,1512029
2017,Bolsista,51027,480,6453701,89,39281043,2675,527069,17,4385092,16,20813308,0,3675101,1,19362511,3,19797505,2,83794651,14,63809891,1,27550714,0,59608574,0,53705027,0,5903547,0,57,84970354,382,811544,26,2947804,0,1369185,26,1578619,0
2017,Espólio,194659,4004,871738,2860,7206,4815,520063,65,71114245,58,6649038,0,18100866,7,46364341,14,12487261,3,62716813,174,7728425,52,47670144,18,7464966,16,5466088,2,17359292,0,2629488,303,3206939,3372,9182,537,861274,0,27500798,536,8111194
2017,Natureza da ocupação não especificada anteriormente,1366337,52362,46156,9469,696712,49706,8268,1309,60341,1127,694838,2,41627891,178,9492238,733,3408319,341,472041,1662,414866,2778,346657,226,2814157,201,1322446,24,40157894,0,74759219,5351,962505,39959,5829,3806,98811,4,61973305,3802,368377
2017,Microempreendedor Individual - MEI,505498,9074,686132,410,8163956,5213,117005,49,66853768,46,32578987,0,27618929,3,6655852,110,9310507,37,4591331,104,6888108,48,72727751,13,47168888,11,52819126,1,92048602,0,230116,1417,65394,7293,87459,61,55189123,0,843248,61,54345875
2017,Inválido,5,0,0,0,0,0,0,0,0,0,0,0,0,0,0,0,0,0,0,0,0,0,0,0,0,0,0,0,0,0,0,0,0,0,0,0,0,0,0,0,0
2016,Empregado de empresa setor privado, exceto instit. financ.,8526667,490576,3745,68652,35906,89470,54633,22142,5554,17604,47101,17,82687308,4520,25751,14296,84066,8046,685938,14444,1337,526,4068802,3663,615386,3218,92732,439,652955,5,3511177,40290,12654,387166,1303,42379,12422,24,96010683,42354
2016,Empregado de instituições financeiras públicas e privadas,795256,70632,4826,17180,87922,14613,31979,5116,158994,2569,1008,2,11575295,2544,942442,1405,399187,1139,841488,2619,724128,67,15985247,473,2608139,418,1744796,54,55433422,0,53200006,3564,279353,56246,65878,8551,966177,20,61808303,8531,348094
2016,Empregado ou contratado de organismo internacional ou de ONG,39516,2310,83295,274,8970686,790,2677756,89,51835548,72,71909229,0,14306073,16,65620246,46,21900777,27,64267871,78,31533022,8,31814474,11,20192867,9,83732249,1,31051533,0,5409085,206,4071578,1842,460692,217,5164991,0,13557902,217,38092
2016,Profissional liberal ou autônomo sem vínculo de emprego,2257547,100913,4573,13267,85355,71593,483,3034,332909,2246,942222,2,20268454,785,1880022,1195,474444,789,6399706,3418,903111,9114,996844,602,4436592,533,6915198,68,33713852,0,41500089,8462,138247,74295,52815,8160,144606,17,70216823,8142,442438
2016,Proprietário de empr. ou firma indiv. ou empregador-titular,4547322,148300,3021,70484,40262,373814,2428,2946,735448,2388,694675,0,87109141,557,169682,1614,796158,1058,943325,4812,131114,2680,562828,918,9186542,780,6525292,138,1668895,0,9923552,16688,5757,117580,157,10851,96566,31,60316577,10820,36249
2016,Capitalista que auferiu rendim. de capital, inclus. aluguéis,153201,10616,31441,6890,361428,16757,67314,46,91100231,23,87286819,0,2517651,23,1295761,32,60027916,22,75214132,577,9612536,20,60135578,31,68325309,27,10799565,4,54804925,0,2720819,929,6242537,8954,180871,1421,50734,1,32273264,1419
2016,Membro ou servidor público da administração direta federal,409148,57722,58158,6729,247311,10729,40264,4777,936342,4392,965387,2,48095357,382,4900009,825,2891775,655,2235835,3093,109548,188,8227836,728,3002505,664,9530124,62,67922224,0,66801587,1474,259919,45979,63997,8692,780725,5,11566759,8687,665057
2016,Servidor público de autarquia ou fundação federal,480103,49615,93519,5148,277249,8331,584458,3646,344976,3283,733953,2,14784286,360,4631804,853,6212021,584,336558,2770,914011,233,8861833,521,8898924,465,162091,56,2956623,0,69823519,2122,374193,38882,87108,6238,251641,3,13063603,6235,121005
2016,Empregado empr. púb. ou econ. mista fed., exc. inst. financ.,335706,39360,51224,4414,801479,7069,392804,3445,891954,1431,766555,0,99796033,2013,127439,807,8992881,569,4986107,1510,425799,56,67350761,514,879666,452,763408,61,72207209,0,28955377,1165,766013,31290,26911,5578,87687,5,2037587,5573
2016,Membro ou servidor público da admin. direta estadual e do DF,1297671,118332,1538,11026,52071,18820,34426,8203,66511,7726,274115,6,49004293,470,3023529,2336,354746,1744,384345,5965,12081,807,3484336,1239,903817,1134,6231,103,1497621,2,74782375,6256,485377,91779,59846,13638,36062,8,81464884,13629,54598
2016,Servidor público de autarquia ou fundação estadual e do DF,702320,55714,59836,5149,628231,8012,963389,3399,467233,3159,819528,4,20329976,235,4444053,1189,37177,855,3092921,2789,29666,493,906091,459,3697249,409,3630295,48,23956966,1,76712573,3536,980225,42992,31443,5663,642458,3,71692897,5659,925529
2016,Empregado empr. púb. ou ec. mista est. e DF, exc. inst. fin.,209285,19397,99999,2479,457017,3300,30117,1421,109562,826,5675802,0,6000568,593,9419247,456,3150061,321,282029,981,7622584,43,5951323,226,8954139,198,5578126,28,11509447,0,22250679,878,9469845,15068,88305,2275,611601,3,51122898,2272
2016,Membro ou servidor público da administração direta municipal,1476369,90710,81891,7361,674804,8884,971276,4535,205249,4307,612912,3,92222298,223,6701139,2394,30664,1395,97983,3648,82307,313,5245634,526,206839,472,6682611,52,13052419,1,2218986,7722,156808,70174,80206,7100,527877,3,4409469,7097,86931
2016,Servidor público de autarquia ou fundação municipal,564041,34005,64963,2838,905428,3568,365947,1669,385202,1574,725776,3,31735529,91,34207113,877,3553104,515,863954,1368,740731,160,1362934,179,2813518,159,2307159,19,15255605,0,89807985,2972,113663,26262,77312,2573,360917,1,43702505,2571,923892
2016,Empregado de empr. púb. ou soc. de economia mista municipal,121570,8466,359584,835,1962309,1205,869804,448,7692068,353,9087923,0,40969576,94,45071874,195,9123877,123,9286454,350,741612,36,78301633,67,80428686,60,6979077,7,61616017,0,11833592,627,1725123,6615,915367,806,9096234,0,53326159,806,3763618
2016,Militar,688890,51368,9308,3960,80676,5842,91656,4058,128575,3904,726668,4,83105149,148,5708562,2195,514245,1798,716256,2802,288013,59,72789559,1520,226692,1413,845315,101,4079433,4,97343364,2235,843262,36697,64814,4029,30369,0,75446649,4028,275902
2016,Aposentado, militar res. ou refor., pens. prev., exc. cd. 62,3858264,222091,263,40539,62059,108533,1192,6649,111983,5413,301996,5,33590257,1230,474084,2011,233207,981,3473212,12906,14785,223,9092408,2348,959796,2075,722859,271,7960051,1,44093118,20408,27205,176562,2816,21905,19844,14
2016,Aposentado, militar refor. ou pens. prev. com moléstia grave,365303,12318,9443,3958,621126,28576,61887,460,9105225,391,2888657,1,30113724,68,32051951,144,9569931,57,65521239,848,1007909,22,78147174,159,16924,139,3446102,19,45055653,0,2217573,1213,718015,9410,954498,955,1859863,0,4643303,954
2016,Beneficiário de pensão alimentícia,143578,5947,759469,571,3757601,1860,85824,51,32700062,45,60015135,0,4223722,5,68461205,27,7577072,36,74688815,195,6098762,2,787316,7,8028885,6,462055,0,63159294,0,40249041,828,7592019,4797,69119,381,320347,0,4153595,380,9904987
2016,Bolsista,47244,447,5486125,82,50389396,2226,701988,14,95585084,13,93567228,0,1264729,1,753127,3,6014872,2,70493233,12,5601124,0,82067157,0,54330914,0,52043876,0,220822,0,78818,55,96362232,356,9399652,22,36470113,0,656333,22,3581378
2016,Espólio,175492,3538,487391,3353,372517,4410,600765,50,3689121,42,59150415,0,13291306,7,312474,11,18521824,2,71059033,126,7709377,20,14502034,13,18396347,11,41147429,1,76771399,0,477519,258,5259532,3055,928817,513,4880438,0,29820306,513,1898408
2016,Natureza da ocupação não especificada anteriormente,1294016,49286,80135,8360,360091,33124,13707,1207,981355,1037,916019,2,358352,167,7069837,714,6803394,327,3594751,1427,93995,2582,30714,213,2225188,189,2065401,23,44217539,0,5738033,5126,684793,37687,74816,3481,198456,4,89220951,3476,306247
2016,Microempreendedor Individual - MEI,427941,7661,593401,316,3638503,4023,83059,38,2906787,35,41696388,0,14945067,2,46265332,94,2349903,28,42206825,72,87293529,50,13503012,10,98104374,9,50364636,1,47289738,0,45,1201,45634,6165,461926,47,4280344,0,346043,47,42457397
2016,Inválido,7,0,0,0,0,0,0,0,0,0,0,0,0,0,0,0,0,0,0,0,0,0,0,0,0,0,0,0,0,0,0,0,0,0,0,0,0,0,0,0,0
2015,Empregado de empresa setor privado, exceto instit. financ.,7946523,451907,4398,62447,37714,89912,5794,21046,48413,,,,16513,38607,7928,731785,13356,9529,491,2230128,3531,167763,,,,37226,23637,355979,1971,39091,20184,,,,,42863,34258,2599,132367,6371
2015,Aposentado, militar res. ou refor., pens. prev., exc. cd. 62,3558778,195680,7157,32887,58341,102156,644,6519,136554,,,,3168,986233,934,5162813,11507,70064,222,3296956,2270,108444,,,,18014,31057,155387,639,19191,57213,,,,,19139,53158,2885
2015,Proprietário de empr. ou firma indiv. ou empregador-titular,4551810,141164,8198,65246,98282,370910,1546,2762,534461,,,,2722,176447,1073,558357,4696,71568,2588,208931,1065,29709,,,,16390,99834,111815,626,9787,910143,,,,,7397,955056,3257,590862,867,6357751
2015,Membro ou servidor público da admin. direta estadual e do DF,1293508,113126,8053,9689,71029,17902,48212,8024,630659,,,,2699,236815,1740,76504,5465,825704,788,208942,1225,491846,,,,6142,705266,87563,41285,12730,5588,,,,,13514,79645,981,6759009,1765,913553
2015,Profissional liberal ou autônomo sem vínculo de emprego,2250973,97223,53703,12050,91864,70639,74624,2826,616299,,,,1958,286485,822,2371263,3305,648824,8442,870194,631,430787,,,,8352,739553,71969,30696,7783,620889,,,,,6579,826769,2017,767399,813,9765453
2015,Membro ou servidor público da administração direta municipal,1376074,81177,81453,6335,252962,8114,976873,4200,1749,,,,2726,808509,1316,809334,3221,424136,299,470106,488,720413,,,,6938,576814,62615,2017,6137,489837,,,,,6188,16214,957,2039463,1007,730323
2015,Empregado de instituições financeiras públicas e privadas,779502,64565,86282,16432,40149,16150,15321,4793,162671,,,,1588,105944,1141,427243,2476,39897,73,4688238,461,265026,,,,3249,838773,51073,91559,7495,483435,,,,,7798,672931,509,6465886,812,8360846
2015,Membro ou servidor público da administração direta federal,409971,55755,28004,5644,520435,9763,140715,4653,290882,,,,910,2686083,667,1146519,2853,628351,169,519999,737,88768,,,,1522,460888,44380,58356,8289,501506,,,,,8835,415108,311,4058999,857,3195019
2015,Servidor público de autarquia ou fundação estadual e do DF,666243,51258,51194,4378,171102,7444,678931,3236,850436,,,,1337,89492,840,404337,2535,893537,460,8653974,444,2109057,,,,3303,907895,39416,46243,5072,27109,,,,,5314,7016,542,1635135,784,1434209
2015,Militar,671407,48525,50947,3482,863029,4872,413845,3905,932212,,,,2388,533689,1720,596249,2670,217559,56,62958659,1477,495388,,,,2188,760662,34474,19544,3646,833555,,,,,4526,819786,139,9417168,1019,927948
2015,Servidor público de autarquia ou fundação federal,477591,47347,4147,4430,938834,6911,9814,3519,484528,,,,974,2597835,590,5202943,2560,235415,225,175531,523,2049998,,,,2112,463104,37043,36256,5820,395296,,,,,6187,420209,355,6125887,722,6375024
2015,Empregado empr. púb. ou econ. mista fed., exc. inst. financ.,331224,37252,98634,4665,651515,5636,449339,3232,461021,,,,880,2193517,572,5592519,1395,82442,53,27055912,515,9437611,,,,1166,186247,29542,10699,5183,4743,,,,,5079,251908,413,2064114,309
2015,Servidor público de autarquia ou fundação municipal,508896,29698,8924,2383,171285,3188,902398,1550,836377,,,,979,101505,480,426151,1196,128024,151,4693594,166,1597061,,,,2588,157945,22855,43786,2184,994027,,,,,2163,420734,376,188861,354,6155684
2015,Empregado empr. púb. ou ec. mista est. e DF, exc. inst. fin.,206795,18025,4472,2164,372069,2919,633064,1341,206863,,,,511,6973431,323,8214695,924,7945693,46,8397181,223,7185066,,,,870,417857,13891,25291,2010,3162,,,,,1992,741902,231,2854151,214
2015,Aposentado, militar refor. ou pens. prev. com moléstia grave,335677,10860,55661,3037,953675,25184,38889,872,91491,,,,316,3726248,64,45450712,1181,568095,23,23151841,285,4770676,,,,1068,479274,8295,885855,834,9498071,,,,,1011,214802,128,1150555,304
2015,Capitalista que auferiu rendim. de capital, inclus. aluguéis,149919,10353,92168,7493,237415,17320,68618,46,24095345,,,,58,83584388,23,35380708,553,9991023,30,9041669,33,46851198,,,,926,4091092,8747,709766,1386,357466,,,,,1093,556774,380,8936639,88
2015,Empregado de empr. púb. ou soc. de economia mista municipal,115387,7687,755166,721,8548276,1107,721507,417,8183269,,,,225,5650817,121,1138947,321,1029108,35,57790337,63,885595,,,,578,3318757,5978,622651,704,811372,,,,,690,8728779,105,6932322,91,75473815
2015,Microempreendedor Individual - MEI,356397,6235,3123,207,2474501,3118,802675,32,41722659,,,,189,2957563,26,6112078,63,59982651,47,43512182,10,63267954,,,,977,2517669,5015,326203,38,65811459,,,,,29,34281442,21,24016061,11,92486044
2015,Beneficiário de pensão alimentícia,128779,5137,856548,464,9346472,1758,19439,49,99830802,,,,52,69312788,36,99937762,179,1651721,3,52646223,8,9094526,,,,715,9774436,4136,290988,322,7245588,,,,,306,521747,88,19549232,71,52310825
2015,Espólio,163296,2955,616585,2150,35721,7437,881738,53,27203143,,,,24,51853716,2,44058976,142,4196419,18,91722718,14,566174,,,,235,701599,2527,37371,407,9504787,,,,,337,9636763,116,506812,46,52000964
2015,Empregado ou contratado de organismo internacional ou de ONG,38922,2165,67468,251,943401,834,1893056,89,53014568,,,,58,22612244,28,30036433,73,29361773,8,42384787,11,27992372,,,,199,8277514,1720,199821,196,149171,,,,,202,7251923,24,31521677,30,89123802
2015,Bolsista,49503,435,466701,70,15346332,2457,733092,22,321253,,,,9,93299928,3,82212696,21,37622497,0,62870074,0,74269883,,,,56,5677752,347,8456023,21,39589692,,,,,31,1228952,2,58851328,12,31551156
2015,Inválido,25,0,0,0,0,,,,0,0,0,0,0,,,,0,0,0,,,,,0,0,0,0,0,0,,,,,,,,,,,,
2015,Natureza da ocupação não especificada anteriormente,1151644,44148,50975,6313,17534,33464,88324,1167,54037,,,,1019,982066,319,3876551,1327,927509,2409,438804,209,9347138,,,,4549,936812,33702,13999,3162,119018,,,,,2864,39223,730,6449092,432,5651141
2014,Empregado de empresa setor privado, exceto instit. financ.,7855229,427295,962,57902,26567,78281,23056,19945,1311,,,,13141,87385,7746,968378,12641,25289,515,8410756,3454,34343,,,,34823,3604,336202,5661,36618,41143,,,,,40168,19896,2443,442434,5993
2014,Empregado de instituições financeiras públicas e privadas,777396,59120,34733,14227,39233,14671,1759,4390,870783,,,,1366,157577,1114,591712,2343,181956,70,67908596,449,8560448,,,,3012,39634,46468,40437,6571,765092,,,,,6878,624237,461,924582,768,7837269
2014,Empregado ou contratado de organismo internacional ou de ONG,39492,2053,946049,281,4797102,727,2086535,80,91120063,,,,44,3488338,28,8157899,68,45811874,8,59057313,11,13149685,,,,191,2799555,1629,543612,179,9689869,,,,,186,6471936,22,8116155,28,75936823
2014,Profissional liberal ou autônomo sem vínculo de emprego,2820720,115390,6851,10629,54976,68453,13327,2717,212434,,,,1428,65137,895,3431587,3207,734406,10696,99125,664,5604102,,,,10906,54537,85162,1808,8078,406468,,,,,6644,749168,2209,452159,775,7948588
2014,Proprietário de empr. ou firma indiv. ou empregador-titular,4652519,139796,2893,54945,23295,346049,9481,2532,678812,,,,1593,741602,1004,845526,4056,609341,2555,878658,979,3270135,,,,16871,84718,110974,2469,9058,675612,,,,,6708,968946,3097,779931,748,733116
2014,Capitalista que auferiu rendim. de capital, inclus. aluguéis,139321,9656,40292,5593,249727,11927,83627,42,42337235,,,,30,29047992,21,5299859,477,7547691,29,3420927,29,25252054,,,,851,2044085,8207,608257,1324,763362,,,,,1031,764015,371,9747657,78
2014,Membro ou servidor público da administração direta federal,408401,51500,31262,4900,237869,8533,738364,4309,989526,,,,830,4068434,652,627987,2654,607968,168,9860284,708,2072847,,,,1432,711488,40859,78449,7496,129421,,,,,7970,956123,308,279106,783,1058077
2014,Servidor público de autarquia ou fundação federal,470379,43381,52414,3855,966256,6233,206018,3237,20246,,,,857,722132,572,6446617,2370,984823,229,7158343,505,3543953,,,,1935,202949,33803,4091,5198,5819,,,,,5518,686238,345,6140349,665,7183723
2014,Empregado empr. púb. ou econ. mista fed., exc. inst. financ.,326989,35223,62443,4621,958279,5913,815538,3015,989133,,,,779,7997885,555,7014021,1297,33285,47,94132661,517,7409174,,,,1084,512494,27957,86141,4905,233856,,,,,4815,67259,385,39775,295
2014,Membro ou servidor público da admin. direta estadual e do DF,1286147,103528,6553,9415,37213,15843,29263,7259,834751,,,,2317,847105,1672,969655,5045,727392,764,2651574,1136,870848,,,,5728,383667,79815,336,11230,16328,,,,,11908,12748,928,8077416,1606,772181
2014,Servidor público de autarquia ou fundação estadual e do DF,663763,47467,59509,4207,731213,6786,632058,2935,624805,,,,1130,596584,818,811505,2326,677226,453,9019333,422,89708,,,,3092,401344,36385,99493,4548,137506,,,,,4767,41512,507,5281909,726,4321974
2014,Empregado empr. púb. ou ec. mista est. e DF, exc. inst. fin.,205128,16674,1504,2029,567091,2630,933187,1226,159727,,,,448,2758124,320,1433754,838,747003,43,41360272,216,9915109,,,,809,5522661,12799,58956,1809,818991,,,,,1802,403839,211,5946069,204
2014,Membro ou servidor público da administração direta municipal,1318566,73235,22661,5710,745735,7244,634644,3774,151057,,,,2104,977015,1221,180488,2890,18051,277,8252958,452,3708538,,,,6224,956494,56460,93102,5425,924407,,,,,5458,491251,867,5705782,900,1374229
2014,Servidor público de autarquia ou fundação municipal,486398,26666,19047,2088,39249,2749,3902,1359,640866,,,,751,4221418,444,7702243,1076,698116,147,995645,153,317292,,,,2304,963035,20504,23491,1919,54016,,,,,1898,454178,335,9758333,315,3759952
2014,Empregado de empr. púb. ou soc. de economia mista municipal,112746,7091,53003,659,8309378,975,4597618,391,6324743,,,,182,6184266,117,5734674,297,14558,32,85904873,60,40833933,,,,526,7427101,5504,753019,636,9223876,,,,,620,3566544,95,51180754,78,94607432
2014,Militar,664785,43153,55319,3390,857251,4134,4767,3420,754711,,,,2100,62306,1576,422121,2471,148219,56,64346236,1334,212632,,,,1979,627438,30392,6072,2979,305539,,,,,3743,41576,135,8706903,899,6067276
2014,Aposentado, militar res. ou refor., pens. prev., exc. cd. 62,3437099,176850,7439,28947,7599,89861,12092,5640,432333,,,,1937,536177,886,9071108,10091,79178,187,997196,2079,555277,,,,16614,13753,140447,4065,16858,22427,,,,,16720,88936,2638
2014,Aposentado, militar refor. ou pens. prev. com moléstia grave,324168,9801,486872,2610,746625,22495,85347,649,2339824,,,,194,6884691,59,68059891,972,8300622,28,83309516,251,8343762,,,,989,6796644,7502,304299,718,1804445,,,,,866,8324917,115,6393537,264
2014,Beneficiário de pensão alimentícia,127118,4819,202668,414,5185731,1622,140097,44,64384123,,,,30,6657144,35,8006266,152,2128569,5,19327557,7,75315211,,,,676,5238318,3879,68989,289,2516355,,,,,274,806681,81,37473028,66,20376286
2014,Bolsista,46728,430,5236261,55,30374383,2252,114268,19,79054454,,,,6,27331668,3,52609793,17,24682511,1,21806193,0,63862864,,,,56,55372647,344,6559799,19,65831287,,,,,28,90663384,2,82280895,12,7112992
2014,Espólio,160570,2711,282195,3273,779992,6532,970228,41,89364119,,,,12,3029466,2,21608268,113,5990517,26,38504627,13,435009,,,,220,3134278,2319,872082,369,7309894,,,,,293,9625205,116,3071368,40,53866788
2014,Natureza da ocupação não especificada anteriormente,953662,36207,21255,5554,926548,30987,99919,1044,84775,,,,629,7750052,285,6623199,1121,446366,1682,558536,189,6371653,,,,3570,821762,27893,28027,2781,462267,,,,,2548,282016,611,1498002,377,9695492
2014,Microempreendedor Individual - MEI,303729,5451,893566,138,6085827,2263,2571,36,17021668,,,,82,46963784,20,65668386,44,2559504,69,8127037,7,51613415,,,,849,9891917,4377,386576,29,30742715,,,,,21,7950753,17,13893983,8,91102021
2014,Inválido,30,0,0,0,0,,,,0,0,0,0,0,,,,0,0,0,,,,,0,0,0,0,,0,,,,,,,,,,,,
2013,Não informado,3724257,104035,8834,9329,110227,22159,53315,3806,562642,,,,2909,286654,1127,901832,1628,227384,627,6819511,246,9806022,,,,13128,1939,81244,18909,2844,888431,,,,,3452,879558,455,8083277,1170,213593
2013,Inválido,756,27,25987507,3,43751398,15,26712692,0,92459994,,,,0,44780988,0,15626552,1,11676445,0,331381,0,23064787,,,,3,16457992,21,24492412,1,75225062,,,,,1,67346239,0,36894306,0,31268234
2013,Empregado de empresa setor privado, exceto instit. financ.,5815667,330502,5774,47293,86901,70955,82153,16311,867,,,,10528,33221,6649,635775,11176,60813,606,7212145,3160,688994,,,,24255,82945,259075,5162,30895,62506,,,,,33246,17248,2153,280308,4857
2013,Adaptação: Empregado empresa priv., inclusive inst. financ.,15106,463,5745615,59,32471926,117,8560134,23,35125717,,,,16,42863804,5,90763899,12,1326275,1,65556881,2,5958817,,,,51,329263,358,7480067,17,21843898,,,,,20,15126172,2,24872125,5
2013,Empregado de instituições financeiras públicas e privadas,687585,52158,20106,13535,59029,11916,3994,3613,261719,,,,1283,278661,1060,803649,2257,722626,87,52821765,461,690197,,,,2567,42706,40935,54269,5989,785629,,,,,6351,633781,411,3182566,782,6684651
2013,Empregado ou contratado de organismo internacional ou de ONG,37035,1927,556932,214,7409161,795,6676026,81,89188132,,,,43,55105856,28,41617307,73,92635554,9,27168283,12,19677468,,,,166,824369,1526,34063,176,999277,,,,,177,5516203,23,98872024,27,4226472
2013,Profissional liberal ou autônomo sem vínculo de emprego,2665503,107580,8455,10733,40476,61665,889,2847,935432,,,,1509,257559,933,511175,3050,205697,9535,4037,678,388614,,,,9940,739018,79402,47793,7661,19175,,,,,6208,187005,2026,301839,800,7820663
2013,Proprietário de empr. ou firma indiv. ou empregador-titular,4399557,132625,1083,54847,22428,285527,8428,2611,270283,,,,1655,742981,1009,404512,3786,371074,2330,66915,959,4068861,,,,15547,66613,105492,3927,9104,90673,,,,,6795,270395,2887,404193,848,2826395
2013,Capitalista que auferiu rendim. de capital, inclus. aluguéis,124173,8615,958408,5077,586779,10584,8163,43,85192244,,,,26,8685928,18,22361752,436,3027816,25,1513013,30,27269693,,,,731,5751513,7337,499303,1212,712851,,,,,807,2770118,333,3313945,67
2013,Membro ou servidor público da administração direta federal,388366,47482,35458,4996,628399,8304,98779,4022,197207,,,,798,8371076,620,5715584,2511,979462,187,7585555,709,7163058,,,,1213,795505,37590,40497,6976,711019,,,,,7403,998997,294,3691253,723,5146954
2013,Servidor público de autarquia ou fundação federal,435983,38766,44583,3655,601165,5978,862949,2901,990368,,,,837,268295,544,108371,2218,165324,218,8725322,532,8290897,,,,1607,162718,30041,61289,4632,26975,,,,,4901,99716,318,5643043,590,3962355
2013,Empregado empr. púb. ou econ. mista fed., exc. inst. financ.,300790,31700,294,4187,394896,6036,244419,2757,696,,,,745,128813,533,9097276,1246,711181,47,81993037,519,6807824,,,,901,7264,24997,61353,4409,119753,,,,,4316,915203,366,7607823,275
2013,Membro ou servidor público da admin. direta estadual e do DF,1150733,89197,1727,8340,451289,14903,8626,6310,863866,,,,2089,237391,1500,13815,4497,395451,726,2019311,1079,680962,,,,4780,301916,68498,5257,9693,36987,,,,,10277,97059,808,823362,1400,95509
2013,Servidor público de autarquia ou fundação estadual e do DF,603698,41443,54521,3721,678757,6326,673375,2576,999692,,,,1040,336642,758,8312887,2165,95117,413,1415758,418,9997638,,,,2637,1306,31617,45195,3956,164132,,,,,4146,690065,452,3411258,648,4915301
2013,Empregado empr. púb. ou ec. mista est. e DF, exc. inst. fin.,184876,14638,13572,1861,133155,3116,985827,1088,611862,,,,422,5509264,303,877003,786,5472206,46,27913352,222,6825447,,,,663,2645702,11137,15951,1582,15884,,,,,1583,591469,184,3513399,187
2013,Membro ou servidor público da administração direta municipal,959714,54096,31423,4367,499198,6573,122414,2915,659409,,,,1506,971046,942,7594293,2359,855925,279,2989392,388,7564104,,,,4266,847026,41613,12115,4353,64558,,,,,4343,662494,697,8916353,693,2102962
2013,Servidor público de autarquia ou fundação municipal,363684,20127,76592,1615,180987,2387,617163,1069,517185,,,,563,3675291,356,2551434,888,1975891,140,994065,132,4502119,,,,1618,595304,15427,96641,1555,738783,,,,,1525,966926,273,4717152,245,3323446
2013,Empregado de empr. púb. ou soc. de economia mista municipal,102518,6375,570307,630,2670425,1072,438148,374,694319,,,,175,7519642,115,9280496,284,704758,32,14596375,61,87755771,,,,437,7549528,4913,741058,584,9385768,,,,,570,9291593,88,25686247,74,92007795
2013,Adaptação: Membro ou servidor púb. adm. direta qquer esfera,6478,209,1506542,17,50145741,41,10984159,9,41427114,,,,8,72300628,3,1245658,6,51355823,0,16772525,1,21836064,,,,22,36079927,158,5570024,5,76613459,,,,,6,9237943,1,23791964,2,40881477
2013,Adaptação: Servidor púb. autarquia ou fund. qualquer esfera,1097,37,19560036,3,83709494,9,7313858,1,63004067,,,,1,17008388,0,43601992,2,32739794,0,47195763,0,22936418,,,,3,96557356,28,7417907,1,34561743,,,,,1,52370514,0,25056946,0,4372819
2013,Adaptação: Empreg. emp. púb. ou mista qquer esf. inc. finan.,1623,51,1320337,7,40563241,13,32679379,1,6781135,,,,1,52296632,0,55182132,1,65060321,0,22588363,0,22646952,,,,5,97345772,39,22102272,1,62678675,,,,,1,88761256,0,36147374,0,62476623
2013,Militar,599255,37969,16649,2912,5911,3876,521895,3088,237931,,,,2018,902348,1466,337047,2325,294072,66,49891486,1290,929966,,,,1519,329255,26419,39872,2642,187435,,,,,3288,361913,137,2015979,783,8543439
2013,Aposentado, militar res. ou refor., pens. prev., exc. cd. 62,2615244,127489,458,21504,25513,70310,34555,4329,104166,,,,1436,91203,595,3489293,7464,245965,155,2867803,1667,794736,,,,11687,17086,101228,1844,12395,40972,,,,,12165,65031,1909
2013,Aposentado, militar refor. ou pens. prev. com moléstia grave,235815,6941,284066,1899,471376,13952,38055,428,6433639,,,,142,3148053,44,18799726,626,7002944,22,91279333,174,359589,,,,715,1433834,5331,791349,497,5350905,,,,,535,6409143,81,76436822,126
2013,Adaptação: Apos., mil. refor. ou pens., incl. com mol. grave,9617,260,8136267,46,94195918,291,2037621,4,13537936,,,,2,35461324,0,63633218,12,74648002,0,13324774,1,45296675,,,,34,86815295,207,6640729,13,7043212,,,,,14,11090965,2,90803254
2013,Beneficiário de pensão alimentícia,97379,3666,86376,423,6727999,1315,696788,42,9856513,,,,25,5581814,27,76055474,128,7363818,7,97250896,6,56578241,,,,506,9875906,2945,190625,232,6557614,,,,,178,9837282,64,52289442,44,88816075
2013,Bolsista,27401,1039,499116,106,4739657,749,1514365,38,73652257,,,,8,50426044,6,76415342,25,4303099,8,80637987,1,49703976,,,,109,4569028,845,8292044,102,2254267,,,,,107,114513,12,11453656,17,72669107
2013,Adaptação: Bolsista ou beneficiário pensão aliment. judicial,24,0,61270582,0,5385629,0,11426821,0,2093676,,,,0,1857276,0,2068901,0,1034028,0,0,12204,,,,0,6709333,0,46286968,0,1128771,,,,,0,124554,0,153141,0,26991,0
2013,Espólio,76900,999,7270275,809,7335874,2355,555178,2,16569668,,,,3,54120624,0,6504417,9,43197555,5,37181218,1,38464007,,,,97,4862858,881,6274409,143,9811644,,,,,85,706311,44,50967885,8,85523446
2013,Natureza da ocupação não especificada anteriormente,799490,31647,73913,5129,951722,20270,76704,1051,772034,,,,564,3683945,283,7864417,1025,17834,1489,283019,177,653278,,,,2993,283568,24293,6008,2539,246574,,,,,2276,438375,526,2546106,337,8898029
2013,Microempreendedor Individual - MEI,64092,1129,668528,30,2098059,546,3497148,7,67021865,,,,19,65823464,5,9431948,10,92116795,17,31425449,2,61406212,,,,171,4157388,901,3449397,9,36030773,,,,,7,51195014,4,4107067,2,86394724
2012,Não informado,2489961,63369,66263,4345,929618,12584,17182,2004,550883,,,,1773,79224,713,4954666,992,3447526,355,6737296,126,949837,,,,8149,225033,49447,28504,1573,608071,,,,,1938,25813,271,5255363,669,8875829
2012,Inválido,625,21,2512111,2,25158727,11,443475,0,55647176,,,,0,31990464,0,11777874,0,92811346,0,0,19169889,,,,2,55043485,16,73448952,1,30708757,,,,,1,3332071,0,24079176,0,2803592,1
2012,Empregado de empresa setor privado, exceto instit. financ.,6067447,325748,7616,33080,7553,60634,2926,15270,78741,,,,10582,47906,6556,182986,10591,9571,559,510244,2912,457042,,,,23594,48944,256428,742,30812,898,,,,,32587,686,2104,755026,4263
2012,Adaptação: Empregado empresa priv., inclusive inst. financ.,10975,316,7024241,33,88563885,66,22505013,11,73681857,,,,11,76340704,4,23314755,7,63511382,1,38519159,1,33747489,,,,35,4109268,244,195032,11,13785853,,,,,12,70314071,1,92120373,3
2012,Empregado de instituições financeiras públicas e privadas,703018,55834,484,7243,6297,9995,147513,3287,379463,,,,1280,783645,1098,902279,2244,604751,78,2538205,448,965592,,,,2803,187372,44657,8,6975,70769,,,,,7050,554612,486,6018837,569,5564679
2012,Empregado ou contratado de organismo internacional ou de ONG,38122,1805,915253,191,2142836,676,3564181,73,36581309,,,,42,55126656,27,43110144,63,36113671,8,15394096,11,4019673,,,,160,9064337,1428,17473,159,7599296,,,,,160,1169614,20,95306919,24,29698524
2012,Profissional liberal ou autônomo sem vínculo de emprego,2741155,102005,6773,9974,227699,54460,41587,2503,488058,,,,1439,788099,875,3081448,2647,744395,8918,484685,646,1927643,,,,9718,45935,75484,14628,6972,584839,,,,,5550,583277,1948,461265,748,3651146
2012,Proprietário de empr. ou firma indiv. ou empregador-titular,4524413,123532,7679,57704,70868,263465,5586,2244,552729,,,,1529,507528,917,8564654,3279,51161,2098,57321,881,6924135,,,,14789,7984,98381,69848,8125,414803,,,,,5853,70179,2731,600225,709,3073831
2012,Capitalista que auferiu rendim. de capital, inclus. aluguéis,127156,8031,9921,5978,782718,10389,54398,40,74816317,,,,26,81077344,17,81972584,385,5577815,23,51697129,25,4110697,,,,709,873156,6826,957536,1098,712638,,,,,717,3227774,314,285705,61
2012,Membro ou servidor público da administração direta federal,386278,43998,41631,4839,457773,7393,128114,3722,9912,,,,795,183226,610,3497158,2197,130156,169,5221454,664,3656853,,,,1161,929755,34766,7179,6394,772856,,,,,6773,4886,282,2109789,663,816096
2012,Servidor público de autarquia ou fundação federal,429742,35177,41752,3354,64371,5168,856217,2681,511597,,,,839,5857782,530,8955873,1921,234451,195,7110787,479,6982423,,,,1481,132226,27127,12373,4079,991049,,,,,4286,877989,303,6375587,513,3430363
2012,Empregado empr. púb. ou econ. mista fed., exc. inst. financ.,296369,30361,47823,2687,1214,4047,51804,2480,858095,,,,736,5389645,532,9500302,1178,121199,43,53414179,490,2516037,,,,856,7037558,24066,2169,4305,103904,,,,,4172,256083,360,4748596,230
2012,Membro ou servidor público da admin. direta estadual e do DF,1133711,80319,42867,7790,501204,12566,9953,5566,76615,,,,2059,1768,1428,802927,4009,223969,634,2345873,972,9628993,,,,4305,374057,61464,3453,8442,671176,,,,,8936,622966,720,9057266,1222,649707
2012,Servidor público de autarquia ou fundação estadual e do DF,593859,37263,81886,3404,978292,5346,82835,2257,355044,,,,1022,669968,716,9496663,1907,101466,387,1220385,376,1935996,,,,2376,369892,28281,44215,3395,583411,,,,,3553,495246,404,7217239,566,992836
2012,Empregado empr. púb. ou ec. mista est. e DF, exc. inst. fin.,182018,13714,4102,1300,37681,2218,293408,1004,462171,,,,425,249098,302,8493173,748,9759149,41,88347858,208,593607,,,,602,6843395,10406,4028,1470,92888,,,,,1457,147189,170,171396,157
2012,Membro ou servidor público da administração direta municipal,930531,48608,28821,3872,347518,5613,219884,2587,635314,,,,1448,56573,882,1074075,2092,982503,246,9141802,351,5711686,,,,3831,298391,37250,79026,3739,3317,,,,,3739,101769,619,641519,624,31368
2012,Servidor público de autarquia ou fundação municipal,351467,17960,1449,1424,58903,2127,807993,961,991472,,,,537,8446128,328,3735795,784,4931404,122,9485067,120,2837218,,,,1445,271043,13716,63623,1323,272021,,,,,1304,131621,239,4408847,221,8973704
2012,Empregado de empr. púb. ou soc. de economia mista municipal,100219,5870,1145,507,7725605,862,5942122,335,5622636,,,,172,9025338,112,5887454,261,8459606,29,74857411,58,1562299,,,,397,664863,4510,493825,529,5597365,,,,,512,2440976,80,94871736,64,7527104
2012,Adaptação: Membro ou servidor púb. adm. direta qquer esfera,5275,154,1271802,13,35740065,32,79737255,9,27404638,,,,6,71799744,2,34694976,4,27258299,0,16806362,0,84584608,,,,16,84778073,116,561948,3,38062617,,,,,4,39711265,0,6622616,1,68311056
2012,Adaptação: Servidor púb. autarquia ou fund. qualquer esfera,909,28,41278557,2,71130209,8,7726845,1,4898168,,,,0,85505376,0,36575154,1,10247253,0,28307542,0,1659292,,,,3,6108633,21,60226286,0,99176431,,,,,1,6590435,0,22158097,0,29572101
2012,Adaptação: Empreg. emp. púb. ou mista qquer esf. inc. finan.,1292,37,92926071,5,26209709,10,56138342,1,30156067,,,,1,13941344,0,423726,1,17559734,0,21619218,0,17916162,,,,4,4203899,29,12599724,1,32784064,,,,,1,65222021,0,28345123,0,60887798
2012,Militar,601733,33820,77832,2770,641416,3385,719479,2725,913382,,,,1982,221961,1350,11983,2063,623779,60,73887354,1120,432228,,,,1356,149058,23297,77909,2119,600045,,,,,2684,841254,119,4830611,685,236004
2012,Aposentado, militar res. ou refor., pens. prev., exc. cd. 62,2751678,125463,9368,22394,311,66942,8745,4121,980165,,,,1551,454566,645,5390523,6882,200077,150,7573104,1610,220117,,,,11694,1619,99728,6803,11986,5972,,,,,11841,8544,1864
2012,Aposentado, militar refor. ou pens. prev. com moléstia grave,250690,6872,118203,2089,891258,13930,8915,408,2239812,,,,154,5396125,47,1893503,583,33513,20,9149771,178,3691786,,,,709,5581115,5282,998087,483,2400228,,,,,546,2819493,82,4013387,150
2012,Adaptação: Apos., mil. refor. ou pens., incl. com mol. grave,8383,206,9376503,35,89471228,194,7472678,3,19577474,,,,2,4975936,0,56769587,8,24798666,0,21772547,1,28041427,,,,28,89834048,164,2747007,9,360866,,,,,10,59544166,1,87809621
2012,Beneficiário de pensão alimentícia,103337,3542,732455,320,8504888,1229,980029,38,65725638,,,,26,75943072,29,15588788,101,7727605,7,54246833,6,59867539,,,,495,685267,2845,925301,210,5215373,,,,,160,6946326,61,15220233,43,57251048
2012,Bolsista,27792,776,8794157,73,96066578,662,4686654,27,7634589,,,,6,75551712,5,29915966,17,87410662,5,70873387,1,419152,,,,84,48600188,633,75191,70,32066472,,,,,71,58692195,10,18461514,11,99991803
2012,Adaptação: Bolsista ou beneficiário pensão aliment. judicial,15,0,31350789,0,11451763,0,3544812,0,579564,,,,0,98736,0,27648,0,399855,0,0,,,,0,4377408,0,24730122,0,338465,,,,,0,581385,0,197118,0,440038,0,312368
2012,Espólio,97122,1361,168637,988,2691015,3143,808353,12,83590497,,,,6,18877248,1,3595789,45,17019079,6,46284272,4,70709932,,,,129,553337,1170,293108,184,2354814,,,,,122,8947661,54,59447505,16,72911162
2012,Natureza da ocupação não especificada anteriormente,834987,29218,225,4956,383093,18659,38518,884,3047546,,,,546,811699,263,9755925,891,863507,1284,788724,162,509988,,,,2824,596176,22506,73255,2256,4787,,,,,2031,750062,498,2845,337,2155315
2012,Microempreendedor Individual - MEI,83577,1333,53534,41,14698272,540,3493584,7,27705464,,,,23,24047968,4,71960205,9,9928599,23,80577427,2,46970331,,,,196,9584033,1072,528043,8,70548468,,,,,6,97001135,4,82210535,3,39756915
2011,Não informado,1897622,43723,1782,3223,388171,9050,162654,1342,162916,,,,1234,316627,466,2754253,608,4824436,209,8743288,74,15650682,,,,5632,355485,34268,43014,946,7497963,,,,,1238,31084,152,8703035,470,7180179
2011,Inválido,618,18,83398868,2,34949563,12,14793722,1,7938219,,,,0,283446,0,8296798,0,65975637,0,0,19931505,,,,2,29970135,14,88525562,1,19719636,,,,,1,26352774,0,19027125,0,25704934,1
2011,Empregado de empresa setor privado, exceto instit. financ.,5693036,284870,3131,30669,15236,52155,4123,13730,33351,,,,9769,620205,5843,380605,9322,110536,502,1851991,2478,288807,,,,20316,51916,223477,5067,26390,58091,,,,,28254,9419,1759,355174,3895
2011,Adaptação: Empregado empresa priv., inclusive inst. financ.,9255,247,142438,25,88790643,54,16091717,8,84128173,,,,9,64094328,3,23529143,5,37212153,1,3929474,1,4550086,,,,27,23456805,191,1256167,8,58792291,,,,,10,71622656,1,461172,3
2011,Empregado de instituições financeiras públicas e privadas,679085,50451,9329,6165,819608,9481,113886,2962,156248,,,,1218,33599,1038,202924,2026,75365,71,70483381,401,2751478,,,,2524,897409,40267,765,6220,21037,,,,,6417,892918,370,9519083,577,3195682
2011,Empregado ou contratado de organismo internacional ou de ONG,36766,1614,574749,188,4220237,690,8086258,62,6691192,,,,38,99461104,24,53442641,53,42750227,8,58588308,9,78416853,,,,144,8023185,1276,367745,139,4847591,,,,,139,8015668,19,25804173,22,34820422
2011,Profissional liberal ou autônomo sem vínculo de emprego,2740397,93466,66797,9500,921815,48227,2195,2276,231481,,,,1386,453433,795,6203567,2325,262844,8066,124804,581,8098287,,,,8986,827048,69243,89786,6191,869679,,,,,4986,397242,1730,89698,737,995507
2011,Proprietário de empr. ou firma indiv. ou empregador-titular,4629275,114006,875,67060,88144,245451,7772,2046,510267,,,,1453,255987,817,6738692,2824,825733,1835,189018,797,489953,,,,13734,8836,91007,7286,7327,765647,,,,,5313,794207,2464,189563,671,254628
2011,Capitalista que auferiu rendim. de capital, inclus. aluguéis,127907,7396,685034,5959,807991,12034,46449,40,54062899,,,,26,17340364,16,95916817,342,4757716,20,25381399,24,36185971,,,,670,3001217,6279,28697,989,9338594,,,,,653,9781527,278,891918,59
2011,Membro ou servidor público da administração direta federal,383929,42632,93167,4752,801454,6943,841394,3701,596227,,,,788,8358869,600,4471643,2009,35329,148,8877525,637,4203964,,,,1085,3739,33749,69861,6264,930836,,,,,6666,395406,252,5756382,655,8035016
2011,Servidor público de autarquia ou fundação federal,421925,33048,62085,3345,14575,4632,146991,2546,74567,,,,833,7129473,515,6876618,1735,3766,188,510683,459,6426971,,,,1369,94704,25455,98466,3837,51183,,,,,4061,123637,270,9749205,497,3247261
2011,Empregado empr. púb. ou econ. mista fed., exc. inst. financ.,288351,26896,79341,2348,775418,3484,821897,2167,182803,,,,708,4449324,507,677921,1045,566583,40,94648699,446,2052494,,,,800,7920257,21201,73763,3698,593344,,,,,3647,1536,281,2106277,232
2011,Membro ou servidor público da admin. direta estadual e do DF,1103033,70952,90143,6984,974062,10585,75382,5098,96329,,,,1993,111017,1331,4522,3542,233428,538,6075465,864,2730866,,,,3672,942413,54024,22889,7258,993563,,,,,7759,16898,593,7752733,1100,317725
2011,Servidor público de autarquia ou fundação estadual e do DF,576356,32587,59589,3054,990711,4602,199443,2078,460609,,,,986,7756769,660,2177115,1663,513648,342,995058,334,3022029,,,,2033,182799,24558,4629,2822,649421,,,,,2976,961833,341,8482633,501,7743385
2011,Empregado empr. púb. ou ec. mista est. e DF, exc. inst. fin.,177060,12221,20563,1224,386394,1922,206095,920,924542,,,,416,7733295,287,2869688,671,5828164,37,66711401,185,5144617,,,,523,6572041,9189,157115,1255,398088,,,,,1277,259767,133,9895308,156
2011,Membro ou servidor público da administração direta municipal,890175,42020,24178,3459,446413,4893,490186,2294,63175,,,,1357,919869,798,6488228,1803,40389,220,9995285,308,934563,,,,3300,586145,32028,39736,3038,753846,,,,,3081,971547,500,1906595,547,345162
2011,Servidor público de autarquia ou fundação municipal,332203,15339,56754,1283,94716,1804,758372,849,8911343,,,,499,5093272,295,7369266,664,2960156,112,2260741,102,1564325,,,,1224,721451,11644,26584,1058,858758,,,,,1051,305814,196,376719,189,6510222
2011,Empregado de empr. púb. ou soc. de economia mista municipal,95492,5089,295109,435,7667815,725,2766981,297,1693218,,,,165,751711,105,499906,228,6630284,26,6498773,68,87382597,,,,340,7502458,3881,781639,433,4104095,,,,,425,3661295,66,721907,58,32171061
2011,Adaptação: Membro ou servidor púb. adm. direta qquer esfera,4428,116,5089675,9,18091692,21,7823108,5,260534,,,,5,13793116,1,5904086,2,84171982,0,18116558,0,59373963,,,,13,2974088,88,62195174,2,28610492,,,,,3,18009177,0,51135271,1,40760555
2011,Adaptação: Servidor púb. autarquia ou fund. qualquer esfera,788,22,20382332,2,74153269,7,25442528,0,85309965,,,,0,71239428,0,2799234,0,67697463,0,22104361,0,109477,,,,2,36675582,17,4736,0,83370938,,,,,0,93349669,0,17070873,0,27052854
2011,Adaptação: Empreg. emp. púb. ou mista qquer esf. inc. finan.,1144,29,97857505,4,62988186,11,51571836,0,98711361,,,,1,1851596,0,34890224,0,90028509,0,21968531,0,10021302,,,,3,43358752,23,1213266,0,85974205,,,,,1,20728361,0,20431314,0,55398306
2011,Militar,582046,29954,70554,2375,933738,2915,345375,2512,188135,,,,1891,306662,1225,76869,1864,518209,54,90960105,927,34958,,,,1115,718653,20439,22182,1782,414645,,,,,2291,898781,95,54912618,605,3562806
2011,Aposentado, militar res. ou refor., pens. prev., exc. cd. 62,2835942,123545,342,22499,14513,63651,80018,4104,201285,,,,1664,119025,689,5215915,6393,754188,140,2564489,1590,32595,,,,11275,10131,98437,37138,12016,22185,,,,,11975,46397,1736
2011,Aposentado, militar refor. ou pens. prev. com moléstia grave,259549,6818,345586,2205,685093,13915,76162,440,1610968,,,,167,7338946,50,18111636,548,3963538,17,62438825,209,6179195,,,,676,6013174,5252,677269,497,113912,,,,,575,1506424,73,30939163,156
2011,Adaptação: Apos., mil. refor. ou pens., incl. com mol. grave,7769,168,6794667,28,20900008,194,983114,2,34803302,,,,1,71390348,0,47086661,5,89403572,0,20413173,0,79050593,,,,23,6800083,134,8611895,7,2080787,,,,,8,65181111,1,44900214
2011,Beneficiário de pensão alimentícia,100696,3214,42454,310,654391,1116,986458,31,93221409,,,,27,862452,27,3603082,87,16898487,5,49021784,6,37912883,,,,450,8501856,2584,912654,185,8556016,,,,,141,6336111,54,99513737,40,78302576
2011,Bolsista,24514,662,986377,63,37992173,488,4557817,19,92661229,,,,5,40626004,4,4422305,13,50793173,3,84419547,0,81517811,,,,79,91714049,536,9809896,51,96936845,,,,,54,33863972,7,47692015,10,4519412
2011,Adaptação: Bolsista ou beneficiário pensão aliment. judicial,12,0,20347276,0,837309,0,2307495,0,,,,0,377928,0,0,0,0,,,,0,3619689,0,16349659,0,11711,,,,,0,391227,0,0,379516,0,150983,,0,41979318,
2011,Espólio,117221,1882,963258,1409,816682,4162,858166,36,15944617,,,,11,55703824,3,13890451,83,1333732,20,10010718,10,61518016,,,,163,5861256,1577,799251,248,7532307,,,,,185,7035644,67,56360483,28,31582268
2011,Natureza da ocupação não especificada anteriormente,823247,26015,79283,4385,629592,17230,20691,790,1070299,,,,512,443913,237,9403525,768,8337317,1089,476385,150,5531227,,,,2511,816563,20071,87818,1973,300686,,,,,1797,50437,420,1925304,292,991364
2011,Microempreendedor Individual - MEI,58344,912,3264209,47,5380242,289,6035647,7,70496402,,,,17,58498984,3,80336945,8,7367459,12,8496866,2,53323549,,,,123,3593573,741,979416,17,30958108,,,,,21,70497907,9,47680352,14,18505798
2010,Não informado,1451227,30154,3206,2039,890217,6248,629593,982,1309232,,,,845,942332,292,7550142,372,5892003,166,2903724,45,67233375,,,,3859,380964,23767,90366,588,602705,,,,,785,1724246,107,369888,335,2287169
2010,Inválido,597,16,89782834,3,5733562,10,17321075,0,45280186,,,,0,25496748,0,5429281,0,59427355,0,0,20075371,,,,2,10188342,13,34510558,0,99999591,,,,,1,4304236,0,17940521,0,22984066,1
2010,Empregado de empresa setor privado, exceto instit. financ.,5286278,240960,823,23477,90216,42624,67003,12507,51761,,,,9018,10212,5361,951513,8314,830269,443,7922949,2163,189121,,,,16782,66636,186946,6031,21039,12658,,,,,22808,38666,1475,165539,3447
2010,Adaptação: Empregado empresa priv., inclusive inst. financ.,7887,191,5309209,24,95431542,42,64227578,9,66520868,,,,7,61647536,2,35457799,3,57997904,0,75882976,0,74098561,,,,20,79463523,149,227184,6,92511523,,,,,9,17141641,0,77214328,3
2010,Empregado de instituições financeiras públicas e privadas,644346,43732,71363,5188,661764,7103,609332,2759,512583,,,,1161,919355,1008,588811,1839,141957,61,17175707,354,772403,,,,2137,592436,34540,24946,5163,564464,,,,,5435,119506,319,9415422,598,4501666
2010,Empregado ou contratado de organismo internacional ou de ONG,35257,1417,724015,254,7491279,523,9198336,58,68830287,,,,36,4639662,23,32643547,48,6950141,7,71431394,8,98606151,,,,125,4209612,1114,946346,117,4451006,,,,,125,1809871,17,22270173,27,36601846
2010,Profissional liberal ou autônomo sem vínculo de emprego,2715233,84759,79111,6969,722867,39937,6318,2126,126843,,,,1349,582654,765,594197,2108,149955,7188,429782,538,4705274,,,,8203,333475,62667,85128,5310,290941,,,,,4290,65623,1495,123452,654,5049815
2010,Proprietário de empr. ou firma indiv. ou empregador-titular,4749249,104315,1565,42896,79058,212727,7267,1908,323274,,,,1413,208794,789,8563259,2544,757717,1551,86003,740,3155722,,,,12670,98737,83178,10092,6318,751589,,,,,4634,85216,2100,594848,616,7029953
2010,Capitalista que auferiu rendim. de capital, inclus. aluguéis,127072,6624,989175,5431,319227,8915,43832,38,90778571,,,,26,4370536,17,36965867,300,1641792,17,68357733,23,63920805,,,,618,7037425,5602,319038,855,4318933,,,,,563,9196308,241,268986,51
2010,Membro ou servidor público da administração direta federal,379544,39965,6544,3880,851893,5729,116367,3507,32788,,,,777,7629274,596,7754857,1840,854005,135,6161333,589,1404889,,,,986,481034,31584,18047,5873,666209,,,,,6268,150705,235,6169713,631,6773482
2010,Servidor público de autarquia ou fundação federal,414312,29891,98923,2758,62366,4233,871854,2379,975031,,,,828,3242444,509,1568203,1638,495846,164,5953639,420,15342,,,,1217,93905,22848,91102,3368,510158,,,,,3571,784498,248,1504019,453,4532014
2010,Empregado empr. púb. ou econ. mista fed., exc. inst. financ.,280643,23859,57968,2041,683187,2995,724797,1944,605568,,,,683,8625635,500,3172399,971,3613843,37,45796923,414,8126012,,,,713,2797092,18627,99387,3168,597822,,,,,3170,467625,232,7165925,236
2010,Membro ou servidor público da admin. direta estadual e do DF,1074531,63591,97205,5572,752168,8776,606956,4798,500262,,,,1951,5732,1296,40287,3230,314751,467,577823,887,969953,,,,3181,89401,48023,18507,6252,331692,,,,,6735,231507,517,4062082,1005,618131
2010,Servidor público de autarquia ou fundação estadual e do DF,559446,28878,22073,2501,310911,3784,801685,1986,523371,,,,966,6196906,640,4901387,1514,971578,301,775537,306,8700169,,,,1759,664716,21512,18905,2342,418576,,,,,2490,664169,293,4319284,446,2105818
2010,Empregado empr. púb. ou ec. mista est. e DF, exc. inst. fin.,172145,10917,54532,1049,288072,1794,224026,881,7800071,,,,410,2119346,283,5131316,620,3958433,32,80631367,169,9152158,,,,443,8346823,8091,616106,1062,671287,,,,,1108,328739,107,4216618,153
2010,Membro ou servidor público da administração direta municipal,841598,36453,54923,2846,66215,3945,288332,2101,554884,,,,1291,328914,764,4178009,1615,265205,197,637123,267,1688666,,,,2775,703088,27513,12964,2478,810437,,,,,2513,788575,421,368906,459,4115039
2010,Servidor público de autarquia ou fundação municipal,313333,13243,9434,1042,377396,1468,810865,760,884628,,,,474,243275,281,4538742,593,3314005,96,48165295,100,9298285,,,,1024,179714,9957,636,855,2598226,,,,,851,8168271,163,7866888,161,5113169
2010,Empregado de empr. púb. ou soc. de economia mista municipal,91859,4475,31632,352,4685916,602,3236737,273,780734,,,,160,1485099,101,2981565,208,1354817,22,37769957,49,72462775,,,,293,2469168,3377,713479,359,587946,,,,,357,264699,54,2544577,51,9773811
2010,Adaptação: Membro ou servidor púb. adm. direta qquer esfera,3711,88,93547658,6,99913337,18,81796945,3,71714972,,,,3,93481728,1,21546675,2,1496278,0,8358903,0,45017832,,,,9,93806404,67,89317276,1,54058538,,,,,2,30876505,0,30659864,1,7816301
2010,Adaptação: Servidor púb. autarquia ou fund. qualquer esfera,708,17,72677463,2,30791245,5,4942744,0,77408606,,,,0,59311584,0,24440594,0,49475474,0,11611913,0,9337443,,,,1,97665111,13,57224781,0,56961502,,,,,0,76669382,0,1373279,0,3344067
2010,Adaptação: Empreg. emp. púb. ou mista qquer esf. inc. finan.,981,23,92468186,2,27231767,7,76052737,0,68235464,,,,0,7956432,0,27498777,0,88451684,0,6659813,0,639536,,,,2,97263099,18,53064406,0,70420683,,,,,1,18495909,0,1375833,0,62199251
2010,Militar,560906,26417,66011,2075,607513,2437,708517,2493,59281,,,,1800,621934,1124,654675,1620,837647,48,9948047,821,6222857,,,,924,9907821,17741,48185,1446,63284,,,,,1907,32847,82,5076865,542,7367138
2010,Aposentado, militar res. ou refor., pens. prev., exc. cd. 62,2901761,116703,9548,18842,4772,56686,86363,4205,693683,,,,1825,75305,776,7849232,6024,909546,140,4291272,1562,491858,,,,10532,54729,92430,44858,10927,65193,,,,,11004,80829,1566
2010,Aposentado, militar refor. ou pens. prev. com moléstia grave,267417,6581,641766,1822,443471,12872,69504,467,7709755,,,,182,442794,56,78065975,529,2993639,16,40032241,194,5986945,,,,631,6821046,5048,53951,471,677991,,,,,592,2748566,67,26914588,191
2010,Adaptação: Apos., mil. refor. ou pens., incl. com mol. grave,7139,142,7045774,19,38088765,146,9278855,2,89674206,,,,1,68531696,0,36742412,4,82900486,0,10308212,0,62172251,,,,19,3863707,114,7280113,5,87913574,,,,,7,42729516,1,72074376
2010,Beneficiário de pensão alimentícia,96199,2838,116225,222,4159697,0,36,20950218,,,,27,28875348,26,51420884,78,94652455,5,31788059,5,69350905,,,,396,6260664,2276,533208,154,801688,,,,,116,5918181,46,54052417,34,51604308,421
2010,Bolsista,20960,494,243501,52,4929845,365,5707808,13,54622805,,,,4,37061276,3,70007308,9,17439322,2,51200242,0,61090085,,,,62,40341475,399,9054359,35,6180357,,,,,37,94707524,5,12652998,8,44478846
2010,Adaptação: Bolsista ou beneficiário pensão aliment. judicial,12,0,15157903,0,2802287,0,3440477,0,368964,,,,0,723312,0,0,0,0,,,,0,1403336,0,12662291,0,133083,,,,,0,355273,0,0,22219,0,,0,42947811,
2010,Espólio,125840,2301,967014,2005,668374,4339,360839,60,6478643,,,,17,65423764,5,55490167,127,3760383,32,81745618,22,5199616,,,,191,5797996,1885,866159,286,5669458,,,,,228,7990733,68,3548216,33,84519514
2010,Natureza da ocupação não especificada anteriormente,809746,23121,55467,3631,902329,14900,47863,740,6026624,,,,493,2752764,228,9688181,699,1564058,955,455635,134,4268618,,,,2205,566448,17778,57059,1694,266748,,,,,1586,236489,346,3402588,278,9700118
2010,Microempreendedor Individual - MEI,23046,419,9302573,23,73480591,125,13527,7,65284614,,,,10,46451636,3,67896867,6,63089315,5,44081774,2,10092768,,,,51,74735004,334,3430819,13,67900281,,,,,14,59346754,2,43493334,3,55182837
2009,Não informado,1513303,27090,82821,1601,256043,5779,753952,790,7342414,,,,704,6413827,187,2434872,263,6995064,216,1711426,33,3899548,,,,3307,343555,21684,8805,433,555416,,,,,609,1659672,127,4324075,331,6740058
2009,Inválido,704,17,28977686,1,5847001,10,70933882,0,3647945,,,,0,2872464,0,75378,0,5674779,0,31781,0,21581721,,,,2,3412701,13,68830591,1,450067,,,,,1,13656983,0,15283587,0,24499964
2009,Empregado de empresa setor privado, exceto instit. financ.,5208232,213428,1362,19548,6105,35822,23923,11470,28985,,,,8638,826672,4900,300361,8848,958063,379,8715821,1892,377338,,,,14147,92337,163704,1383,17590,12309,,,,,19336,12857,1181,358998,3111
2009,Adaptação: Empregado empresa priv., inclusive inst. financ.,8858,188,8102106,16,7227683,44,99705607,5,97831411,,,,6,959668,1,73156067,2,84986091,0,67860071,0,57334296,,,,20,7021288,150,2547825,6,89000967,,,,,10,1719678,0,84158077,4
2009,Empregado de instituições financeiras públicas e privadas,626848,38283,28288,4713,297,6019,332503,2386,530836,,,,1119,30439,979,3049742,1954,424188,54,97076393,322,7996875,,,,1743,66432,29769,42913,4256,376124,,,,,4467,9447,254,1718131,471,5174918
2009,Empregado ou contratado de organismo internacional ou de ONG,35080,1260,920863,126,8404271,452,3654878,53,9079081,,,,34,1719392,21,76574018,46,16563585,6,52940101,8,11892559,,,,110,7474577,986,4744628,99,22816152,,,,,101,8155618,12,82652867,17,41839643
2009,Profissional liberal ou autônomo sem vínculo de emprego,2728675,76024,43294,5880,585514,33191,113,1955,77095,,,,1307,424415,725,4993293,2035,890129,6348,97949,491,758824,,,,7222,973012,56143,18295,4546,124296,,,,,3749,947681,1242,244448,599,199219
2009,Proprietário de empr. ou firma indiv. ou empregador-titular,5069674,96636,15459,33051,43446,177094,337,1770,778412,,,,1383,755141,749,4447169,2399,74985,1318,528901,681,5796597,,,,11664,9807,77109,72555,5512,515813,,,,,4162,6181,1735,789551,555,719572
2009,Capitalista que auferiu rendim. de capital, inclus. aluguéis,128650,6191,637487,4034,410792,7904,65337,35,96343761,,,,26,5633704,17,49901054,277,6478338,17,52329313,21,69694395,,,,579,8602505,5234,44899,789,763114,,,,,524,8524508,222,7355109,49
2009,Membro ou servidor público da administração direta federal,373819,37722,36958,3120,126425,4890,188477,3261,328031,,,,762,514546,586,5220355,1835,67526,128,9291339,560,905939,,,,858,7075338,29800,62018,5564,117747,,,,,5668,45805,409,4176522,513,9312502
2009,Servidor público de autarquia ou fundação federal,407939,26376,49934,2236,395644,3317,787113,2077,569844,,,,818,8055475,490,6683132,1549,65455,151,656903,409,6913305,,,,1036,946404,19916,67374,2806,305578,,,,,2921,50173,262,3730283,377,7051418
2009,Empregado empr. púb. ou econ. mista fed., exc. inst. financ.,277017,21024,37142,1666,82302,2717,928783,1800,7458,,,,658,4114822,477,2984342,1010,142427,35,76487091,371,44637,,,,618,6939829,16158,33106,2651,44702,,,,,2719,912443,168,2549782,238
2009,Membro ou servidor público da admin. direta estadual e do DF,1064826,56472,11962,4604,600039,7138,701005,4343,669394,,,,1898,888281,1232,907145,3127,989647,417,6522607,694,5635025,,,,2717,9378,42130,47404,5211,422373,,,,,5634,708812,430,134445,857,632727
2009,Servidor público de autarquia ou fundação estadual e do DF,554035,25764,67561,2108,227113,3160,6869,1776,201658,,,,946,4339631,607,3603789,1513,956215,267,7441387,248,2111864,,,,1502,620055,18946,92842,1938,825167,,,,,2088,600479,242,964698,395,3189173
2009,Empregado empr. púb. ou ec. mista est. e DF, exc. inst. fin.,169506,9848,589234,802,8889024,1750,173909,812,6345431,,,,405,7737071,277,187956,665,5920945,32,28275804,150,7868933,,,,370,7354239,7145,713522,895,6736602,,,,,954,6386531,86,64891224,146
2009,Membro ou servidor público da administração direta municipal,838499,32758,91123,2475,39855,3254,324468,1956,341333,,,,1243,25939,716,6305016,1626,105939,180,1899773,241,860783,,,,2406,351798,24480,18535,2076,528798,,,,,2153,833435,341,4036088,419,9930862
2009,Servidor público de autarquia ou fundação municipal,311220,11839,39401,882,1233296,1218,392825,705,342641,,,,456,2857733,264,259199,598,216337,87,34862478,78,81069255,,,,877,5804514,8800,464593,702,7131027,,,,,706,795221,134,2940797,138,5364698
2009,Empregado de empr. púb. ou soc. de economia mista municipal,91635,4018,632482,309,6458016,522,3076838,252,993866,,,,156,664492,96,79666285,215,458178,20,59446349,42,18760974,,,,252,7841872,2991,449191,298,8206628,,,,,303,9566473,43,79819813,49,3854734
2009,Adaptação: Membro ou servidor púb. adm. direta qquer esfera,3972,80,25560874,8,38812954,16,2444568,3,1208605,,,,3,1614404,0,75581885,1,5479337,0,24719265,0,34025766,,,,8,86697187,62,3160319,1,9374596,,,,,2,3918787,0,22404974,1,17340387
2009,Adaptação: Servidor púb. autarquia ou fund. qualquer esfera,748,15,5777643,1,57161294,5,37218826,2,66323396,,,,0,51219842,0,18190898,0,43583122,0,1050433,0,7717741,,,,1,665393,12,13675421,0,42320521,,,,,0,76717791,0,7602371,0,40889474
2009,Adaptação: Empreg. emp. púb. ou mista qquer esf. inc. finan.,1069,26,78637895,1,41584015,7,1642701,0,76930912,,,,0,7769496,0,24574934,0,54615981,0,937522,0,989666,,,,2,81477285,21,45277211,1,51049499,,,,,2,34060035,0,20809203,0,99809278
2009,Militar,546962,22911,73136,1783,59442,2103,43143,2152,258496,,,,1691,18586,974,3900706,1602,795896,43,61421656,694,9082564,,,,771,5140654,15104,5832,1097,470905,,,,,1514,204113,62,1888807,478,5661104
2009,Aposentado, militar res. ou refor., pens. prev., exc. cd. 62,3044019,112900,52,15837,394,51773,71747,4103,376285,,,,2019,610329,857,5767154,6168,712692,135,976716,1484,73414,,,,9833,309446,88975,39637,10274,63652,,,,,10235,43596,1488
2009,Aposentado, militar refor. ou pens. prev. com moléstia grave,280945,6482,917827,1609,107474,12111,85615,444,6432262,,,,202,3862376,63,58225454,542,143685,15,62174158,164,8833082,,,,581,6768864,4957,701448,465,2626084,,,,,543,706369,66,26531586,147
2009,Adaptação: Apos., mil. refor. ou pens., incl. com mol. grave,8568,141,5440928,16,13209044,159,7691639,2,13621135,,,,1,78404042,0,29729458,4,30858117,0,6723584,0,90461403,,,,18,94124847,114,4507696,5,15345584,,,,,7,3151386,1,59585393
2009,Beneficiário de pensão alimentícia,91761,2499,944035,184,395535,725,8763022,25,99261902,,,,28,13111081,26,2453837,74,784858,4,45392968,5,8205602,,,,343,5232487,1996,751315,129,5355425,,,,,96,55219608,38,48721732,28,34312852
2009,Bolsista,17594,354,3321985,33,32846067,261,9956002,8,32357718,,,,3,339672,2,81948939,6,35941523,1,69313862,0,4439944,,,,47,39629848,285,4243632,20,55647883,,,,,24,6494374,2,89878071,6,71529593
2009,Adaptação: Bolsista ou beneficiário pensão aliment. judicial,15,0,24123416,0,1232498,0,2619503,0,190168,,,,0,69216,0,0,0,0,,,,0,3609735,0,20150473,0,217714,,,,,0,34312,0,16297,0,141703,0,,0,4774163
2009,Espólio,144015,2687,44158,1545,210918,3969,414022,78,88316453,,,,24,1702272,8,37003504,153,4847603,46,16167027,77,40285001,,,,204,4100124,2190,264149,338,892187,,,,,280,6488504,72,85481921,36,93119502
2009,Natureza da ocupação não especificada anteriormente,818113,20915,77901,2882,499322,11976,24071,689,4792611,,,,482,8830179,216,744198,671,9223638,842,904252,122,7588829,,,,1925,21048,16068,24892,1497,95323,,,,,1396,740683,289,518,225,2356614
2009,Microempreendedor Individual - MEI,17313,343,5014411,20,44369539,83,81270094,7,99459404,,,,8,77982604,3,83157514,7,60264804,4,75130848,1,95038952,,,,38,28041776,271,2946722,13,84790532,,,,,16,40399417,1,1451652,3,7444024
2008,Não informado,520694,7978,148534,453,7973353,1575,31982,245,2135438,,,,226,1880992,49,69979816,73,63471422,47,89372352,8,90011152,,,,925,9853989,6424,40519,112,83214,,,,,213,566704,33,38951137,148,8208638
2008,Inválido,634,12,21409896,0,60344479,3,35715989,0,22847379,,,,0,14903032,0,5557689,0,36081379,0,168,0,18799591,,,,1,70282652,9,39247731,0,82302592,,,,,0,95893334,0,12160774,0,15505126
2008,Empregado de empresa setor privado, exceto instit. financ.,5511836,201783,5532,18608,40991,33373,69059,11018,16802,,,,8788,684618,5002,69079,9418,806041,333,5773499,1786,123827,,,,12784,29457,153038,581,17256,71488,,,,,19844,5456,975,7284151,3709
2008,Adaptação: Empregado empresa priv., inclusive inst. financ.,3602,66,9019486,4,74972661,15,84750353,2,4580018,,,,2,68088648,0,50013038,0,94776476,0,29167276,0,23758781,,,,7,7279744,52,36669548,2,31299947,,,,,4,3564341,0,22129534,1
2008,Empregado de instituições financeiras públicas e privadas,625548,35168,81088,3707,11214,5994,100555,2211,20937,,,,1095,473407,968,9296716,1943,13164,49,23898254,290,3582949,,,,1486,299492,27153,90605,4174,742661,,,,,4548,21698,181,5471751,562,7621174
2008,Empregado ou contratado de organismo internacional ou de ONG,36849,1160,134938,107,4826272,416,5975676,50,23465166,,,,33,92963718,21,34924862,46,43546329,6,3317819,7,51400205,,,,99,63902655,901,4868738,96,36221693,,,,,100,6089951,12,44404255,18,86475729
2008,Profissional liberal ou autônomo sem vínculo de emprego,3215095,75247,7782,5791,894795,31667,93,1758,162164,,,,1335,440792,726,9249443,2020,983549,5972,572432,471,5085739,,,,7335,639467,55768,21346,4444,262761,,,,,3814,41182,1126,578656,659,818276
2008,Proprietário de empr. ou firma indiv. ou empregador-titular,6136674,94843,87135,38245,23504,171736,244,1642,287665,,,,1370,97072,735,7553102,2395,700974,1234,81762,629,6785169,,,,11492,5693,75754,24228,5509,325813,,,,,4337,144856,1583,307083,573,2925162
2008,Capitalista que auferiu rendim. de capital, inclus. aluguéis,135601,5840,42103,5537,788199,8975,24767,33,5436807,,,,27,90319395,18,33613772,269,9016785,17,8994647,20,15391963,,,,544,5575187,4925,774965,770,4710262,,,,,531,8020926,196,3730344,49
2008,Membro ou servidor público da administração direta federal,371570,32686,93968,2828,560255,4297,601736,2835,72588,,,,753,6285051,579,1372623,1704,702432,120,4318191,484,6406493,,,,776,5554595,25457,47076,4839,22426,,,,,5148,584233,211,7397649,520,8379375
2008,Servidor público de autarquia ou fundação federal,405810,22410,30769,1961,430049,3022,161199,1757,641475,,,,821,7385576,484,5387427,1443,43858,136,6378089,334,7542225,,,,881,7889303,16578,61071,2364,829373,,,,,2530,596867,214,9559904,380,9386073
2008,Empregado empr. púb. ou econ. mista fed., exc. inst. financ.,275317,18616,64079,1513,968883,2394,796949,1545,436802,,,,648,2180805,479,9739192,1027,502981,32,71977844,343,4009539,,,,535,2668457,14016,9343,2360,593733,,,,,2506,776891,125,1711213,272
2008,Membro ou servidor público da admin. direta estadual e do DF,1060879,51291,28841,4159,623738,6769,113722,3985,797089,,,,1872,753427,1215,26254,3069,567467,380,2459313,647,9467767,,,,2335,720205,37874,45036,5021,119083,,,,,5559,243821,360,6736803,902,2336473
2008,Servidor público de autarquia ou fundação estadual e do DF,553152,23143,68414,1897,564537,2853,396698,1636,358344,,,,943,2558856,604,785201,1488,225806,245,4866301,228,1496019,,,,1280,89941,16758,33967,1835,296671,,,,,2064,96806,200,5573055,434,1877057
2008,Empregado empr. púb. ou ec. mista est. e DF, exc. inst. fin.,169739,9017,304918,709,8675898,1221,726179,762,6226799,,,,410,905526,284,1818544,687,9857096,30,6568026,146,74,,,,309,4624,6393,745746,856,3595557,,,,,976,6375453,61,15802111,181
2008,Membro ou servidor público da administração direta municipal,870909,30387,26231,2253,409241,3051,261141,1809,866295,,,,1239,285428,719,7134202,1626,539036,163,523479,222,8507093,,,,2188,591361,22466,7245,2038,158121,,,,,2221,810102,289,5257891,473,9790259
2008,Servidor público de autarquia ou fundação municipal,318665,10815,62608,803,355472,1130,899074,644,5251358,,,,448,8105801,260,36592,594,39137,83,5402879,75,37639374,,,,777,9042785,7949,735283,682,5785302,,,,,729,6764728,112,5918584,160,4982249
2008,Empregado de empr. púb. ou soc. de economia mista municipal,93504,3684,785876,277,1396868,460,45566,237,1083202,,,,157,3847696,97,74853522,218,2199807,18,668842,40,28550002,,,,221,8034572,2700,28555,287,2025638,,,,,308,3174533,36,77476487,58,3055314
2008,Adaptação: Membro ou servidor púb. adm. direta qquer esfera,1512,25,44447252,1,76951912,6,16859252,1,847701,,,,0,912389,0,17245941,0,40032774,0,2763,0,15241457,,,,2,79564926,20,4563381,0,37508261,,,,,0,82341831,0,4647272,0,47880382
2008,Adaptação: Servidor púb. autarquia ou fund. qualquer esfera,327,5,52331404,0,41321007,1,88749209,0,14011063,,,,0,15399666,0,4607665,0,11775132,0,0,4417825,,,,0,64657436,4,3339766,0,13888572,,,,,0,22655402,0,4768861,0,13390499,0
2008,Adaptação: Empreg. emp. púb. ou mista qquer esf. inc. finan.,472,9,14662166,0,51529487,3,46562749,0,21859343,,,,0,31627308,0,639692,0,19080037,0,1880039,0,504714,,,,1,8354931,7,20449208,0,36874436,,,,,0,60754212,0,7456568,0,33051357
2008,Militar,542295,20257,70747,1567,200321,1812,887653,1853,179794,,,,1633,865929,908,1032004,1585,613023,38,4344559,578,8873228,,,,647,1641335,13094,42292,994,969888,,,,,1463,679969,48,6560842,517,3690091
2008,Aposentado, militar res. ou refor., pens. prev., exc. cd. 62,3324771,109760,5524,16605,67023,51964,15232,3932,442602,,,,2285,553514,1003,418934,6382,696085,140,44793,1466,7979,,,,9232,528012,85906,49073,10558,8149,,,,,10812,18203,1404
2008,Aposentado, militar refor. ou pens. prev. com moléstia grave,311574,6508,85817,1535,119963,12003,35434,412,9409167,,,,228,5981882,74,78533439,563,2242802,20,77663031,170,2984079,,,,548,2420045,4945,814579,511,3278779,,,,,633,7558713,66,6665919,192
2008,Adaptação: Apos., mil. refor. ou pens., incl. com mol. grave,5355,72,64185402,5,42114517,73,9511855,1,4779767,,,,1,3322735,0,16609437,1,89687752,0,83,0,54735236,,,,9,18763904,58,77306569,3,35362323,,,,,4,22658006,0,56530141
2008,Beneficiário de pensão alimentícia,95560,2290,976788,170,6411636,794,689525,23,5465415,,,,30,86912815,27,33427937,74,6231716,3,40925261,5,86042355,,,,307,5886887,1821,963571,128,1286377,,,,,94,38674105,40,39521966,29,538499
2008,Bolsista,17960,265,2974497,24,26384332,254,5037798,5,68328817,,,,2,94415464,2,46015919,4,97103306,0,9485486,0,31333093,,,,36,39221976,213,3532885,13,62730274,,,,,17,10646934,1,70485035,5,40312748
2008,Adaptação: Bolsista ou beneficiário pensão aliment. judicial,5,0,6156782,0,388273,0,59249,0,167223,,,,0,331176,0,231279,0,0,0,,,,0,574965,0,4852139,0,,,,,0,1507,0,0,1507,0,1569331,,0,14
2008,Espólio,185018,3148,36534,1876,249821,4755,744265,95,88682694,,,,32,74503486,11,96710484,187,5780554,51,19964591,26,56626059,,,,232,4411106,2553,64981,411,5146191,,,,,352,6234892,83,89945417,50,34667156
2008,Natureza da ocupação não especificada anteriormente,964268,19828,11989,3195,780902,12460,7593,624,9792616,,,,497,8495344,221,497031,672,179528,733,1408791,117,5059276,,,,1811,533625,15231,8106,1462,8833,,,,,1424,868681,256,9279951,255,8139918
2008,Microempreendedor Individual - MEI,17160,332,1886763,20,3440692,67,56076628,8,88299464,,,,8,7264876,4,18177151,8,13069359,3,20193025,1,81604135,,,,34,75077254,263,1525574,18,5311342,,,,,21,76673073,0,93822543,4,87721726
